# Genes enriched in each of the iModulons. The locus tags are based on USA300 TCH1516 genome (NC_010079.1),,,,,,,,,,,,,,,,,,,,,,,,,,,,,,,,,,,,,,,,,,,,,,,,,,,,,,,,,,,,,,,,,,,,,,,,,,,,,,,,,,,,,,,,,,,,,,,,,,,,,,,,,,,,,,,,,,,,,,,,,,,,,,,,,,,,,,,,,,,,,,,,,,,,
,SG_1,1,2,USA300 iModulon-1,Purine,Fur-1,SG_2,Genomic Island 9-1,8,CcpA-1,YtrA,WalR-1,CodY-1,13,SG_3,15,CodY-2,17,VraS2-1,SG_4,MntR,Genomic Island 6-1,22,SG_5,PerR,PdxR,Genomic Island 9-2,CymR,BirA,SG_6,30,CggR,AgrA,WalR-2,ArcR,SG_7,SG_8,HutR,38,SG_9,BglR,CcpA-2,42,Genomic Island 1-1,44,VraS2-2,SG_10,Zur,CcpA-3,49,FMN,51,SaeR,GlnR,54,Genomic Island 9-3,56,Genomic Island 3-2,58,59,Genomic Island 6-2,Fur-2,USA300 iModulon-2,63,WalR-3,NreC,66,CcpA-4,68,69,LexA,71,72,CcpA-5,74,PurR,76,SG_11,78,SG_12,FruR,LacR,82,SG_13,84,85,86,PyrR,Rex-1,89,SG_14,Genomic Island 9-4,92,93,SG_15,95,CtsR,97,IcaR,WalR-4,SG_16,SG_17,102,103,Genomic Island 9-5,105,SG_18,CodY-3,Rex-2,Fur-3,SG_19,111,112,CodY-4,SG_20,115,ArgR,CodY-5,HisR,119,TPP,SG_21,122,SG_22,Genomic Island 6-3,125,HssR,WalR-5,128,SG_23,SG_24,131,132,SG_25,SG_26,SG_27,SG_28,137,138,139,140,141,CcpA-6,SG_29,144,SG_30,MalR,SG_31
0,USA300HOU_RS05680,USA300HOU_RS00800,USA300HOU_RS01425,USA300HOU_RS14890,USA300HOU_RS00720,USA300HOU_RS00595,USA300HOU_RS00420,USA300HOU_RS00580,USA300HOU_RS01555,USA300HOU_RS06540,USA300HOU_RS10480,USA300HOU_RS14950,USA300HOU_RS02375,USA300HOU_RS15710,USA300HOU_RS14940,USA300HOU_RS02535,USA300HOU_RS04405,USA300HOU_RS01935,USA300HOU_RS01915,USA300HOU_RS01180,USA300HOU_RS03420,USA300HOU_RS02265,USA300HOU_RS00580,USA300HOU_RS01430,USA300HOU_RS02010,USA300HOU_RS00720,USA300HOU_RS03370,USA300HOU_RS00905,USA300HOU_RS12350,USA300HOU_RS00580,USA300HOU_RS00550,USA300HOU_RS04180,USA300HOU_RS05895,USA300HOU_RS01125,USA300HOU_RS00045,USA300HOU_RS00460,USA300HOU_RS03490,USA300HOU_RS00040,USA300HOU_RS02195,USA300HOU_RS02550,USA300HOU_RS01370,USA300HOU_RS01180,USA300HOU_RS00055,USA300HOU_RS14895,USA300HOU_RS15715,USA300HOU_RS01085,USA300HOU_RS00405,USA300HOU_RS00430,USA300HOU_RS05560,USA300HOU_RS01360,USA300HOU_RS07610,USA300HOU_RS00580,USA300HOU_RS00510,USA300HOU_RS06585,USA300HOU_RS14890,USA300HOU_RS07665,USA300HOU_RS14390,USA300HOU_RS02375,USA300HOU_RS14940,USA300HOU_RS00430,USA300HOU_RS07665,USA300HOU_RS00595,USA300HOU_RS00135,USA300HOU_RS01640,USA300HOU_RS00555,USA300HOU_RS01155,USA300HOU_RS00555,USA300HOU_RS01090,USA300HOU_RS00890,USA300HOU_RS00275,USA300HOU_RS01930,USA300HOU_RS00580,USA300HOU_RS12720,USA300HOU_RS00890,USA300HOU_RS14895,USA300HOU_RS00085,USA300HOU_RS01965,USA300HOU_RS15705,USA300HOU_RS00160,USA300HOU_RS15705,USA300HOU_RS03770,USA300HOU_RS11865,USA300HOU_RS00400,USA300HOU_RS00785,USA300HOU_RS02825,USA300HOU_RS00175,USA300HOU_RS00645,USA300HOU_RS06020,USA300HOU_RS00955,USA300HOU_RS00160,USA300HOU_RS03710,USA300HOU_RS04460,USA300HOU_RS00160,USA300HOU_RS05895,USA300HOU_RS00670,USA300HOU_RS03360,USA300HOU_RS02745,USA300HOU_RS01670,USA300HOU_RS01770,USA300HOU_RS00550,USA300HOU_RS15675,USA300HOU_RS00400,,USA300HOU_RS01560,USA300HOU_RS09190,USA300HOU_RS02275,USA300HOU_RS03725,USA300HOU_RS15425,USA300HOU_RS00795,USA300HOU_RS00595,USA300HOU_RS14940,USA300HOU_RS00580,USA300HOU_RS00460,USA300HOU_RS00050,USA300HOU_RS00405,USA300HOU_RS00740,USA300HOU_RS02310,USA300HOU_RS00580,USA300HOU_RS04675,USA300HOU_RS05265,USA300HOU_RS05355,USA300HOU_RS14945,USA300HOU_RS01970,USA300HOU_RS00400,USA300HOU_RS01265,USA300HOU_RS03575,USA300HOU_RS12770,USA300HOU_RS00935,USA300HOU_RS00415,USA300HOU_RS15000,USA300HOU_RS01715,USA300HOU_RS15010,USA300HOU_RS00510,USA300HOU_RS15010,USA300HOU_RS00785,USA300HOU_RS15675,USA300HOU_RS15675,USA300HOU_RS11725,USA300HOU_RS00515,USA300HOU_RS00140,USA300HOU_RS01465,USA300HOU_RS01775,USA300HOU_RS00040,USA300HOU_RS00995,USA300HOU_RS00380,USA300HOU_RS06610,USA300HOU_RS01090,USA300HOU_RS04085
1,USA300HOU_RS08825,USA300HOU_RS15710,USA300HOU_RS03175,USA300HOU_RS00160,USA300HOU_RS02055,USA300HOU_RS00600,USA300HOU_RS01430,USA300HOU_RS02945,USA300HOU_RS01980,USA300HOU_RS06545,USA300HOU_RS10485,USA300HOU_RS14955,USA300HOU_RS02380,USA300HOU_RS15050,USA300HOU_RS00785,USA300HOU_RS02540,USA300HOU_RS04410,USA300HOU_RS01940,USA300HOU_RS03440,USA300HOU_RS02085,USA300HOU_RS03425,USA300HOU_RS07655,USA300HOU_RS00585,USA300HOU_RS15010,USA300HOU_RS02015,USA300HOU_RS02725,USA300HOU_RS15810,USA300HOU_RS00910,USA300HOU_RS12355,USA300HOU_RS00585,USA300HOU_RS07050,USA300HOU_RS04185,USA300HOU_RS05900,USA300HOU_RS01170,USA300HOU_RS14300,USA300HOU_RS00935,USA300HOU_RS03625,USA300HOU_RS01695,USA300HOU_RS02200,USA300HOU_RS05770,USA300HOU_RS01375,USA300HOU_RS01190,USA300HOU_RS00405,USA300HOU_RS00175,USA300HOU_RS13320,USA300HOU_RS03030,USA300HOU_RS01130,USA300HOU_RS02265,USA300HOU_RS06870,USA300HOU_RS01365,USA300HOU_RS09375,USA300HOU_RS00655,USA300HOU_RS02945,USA300HOU_RS06590,USA300HOU_RS14895,USA300HOU_RS07825,USA300HOU_RS14395,USA300HOU_RS04445,USA300HOU_RS01810,USA300HOU_RS07665,USA300HOU_RS07810,USA300HOU_RS00605,USA300HOU_RS00140,USA300HOU_RS02380,USA300HOU_RS01975,USA300HOU_RS12915,USA300HOU_RS00580,USA300HOU_RS01095,USA300HOU_RS00985,USA300HOU_RS00335,USA300HOU_RS03945,USA300HOU_RS01700,USA300HOU_RS12725,USA300HOU_RS00990,USA300HOU_RS15890,USA300HOU_RS05295,USA300HOU_RS01970,USA300HOU_RS03370,USA300HOU_RS03360,USA300HOU_RS02085,USA300HOU_RS03775,USA300HOU_RS11870,USA300HOU_RS00995,USA300HOU_RS01280,USA300HOU_RS02830,USA300HOU_RS00670,USA300HOU_RS00710,USA300HOU_RS06025,USA300HOU_RS01150,USA300HOU_RS00165,USA300HOU_RS05380,USA300HOU_RS04465,USA300HOU_RS15925,USA300HOU_RS05900,USA300HOU_RS01265,USA300HOU_RS03365,USA300HOU_RS02750,USA300HOU_RS01750,USA300HOU_RS01775,USA300HOU_RS00705,USA300HOU_RS14935,USA300HOU_RS15705,,USA300HOU_RS01565,USA300HOU_RS10570,USA300HOU_RS02280,USA300HOU_RS07900,USA300HOU_RS11060,USA300HOU_RS01155,USA300HOU_RS00600,USA300HOU_RS15780,USA300HOU_RS00675,USA300HOU_RS00495,USA300HOU_RS00055,USA300HOU_RS02165,USA300HOU_RS00750,USA300HOU_RS04765,USA300HOU_RS00800,USA300HOU_RS04680,USA300HOU_RS05270,USA300HOU_RS05360,USA300HOU_RS00400,USA300HOU_RS14250,USA300HOU_RS03370,USA300HOU_RS05120,USA300HOU_RS03580,USA300HOU_RS12775,USA300HOU_RS01125,USA300HOU_RS00420,USA300HOU_RS15010,USA300HOU_RS02305,USA300HOU_RS06840,USA300HOU_RS00555,USA300HOU_RS04510,USA300HOU_RS04075,USA300HOU_RS00400,USA300HOU_RS11935,USA300HOU_RS12790,USA300HOU_RS01075,USA300HOU_RS14945,USA300HOU_RS01700,USA300HOU_RS02230,USA300HOU_RS00890,USA300HOU_RS05370,USA300HOU_RS01440,USA300HOU_RS06840,USA300HOU_RS01095,USA300HOU_RS15785
2,,USA300HOU_RS02380,USA300HOU_RS03275,USA300HOU_RS15885,USA300HOU_RS02060,USA300HOU_RS00880,USA300HOU_RS05830,USA300HOU_RS07955,USA300HOU_RS01985,USA300HOU_RS06550,USA300HOU_RS10490,USA300HOU_RS00570,USA300HOU_RS06745,USA300HOU_RS15715,USA300HOU_RS15230,USA300HOU_RS02545,USA300HOU_RS04415,USA300HOU_RS01945,USA300HOU_RS05260,USA300HOU_RS06725,USA300HOU_RS03430,USA300HOU_RS07660,USA300HOU_RS02955,USA300HOU_RS04325,USA300HOU_RS02020,USA300HOU_RS02730,USA300HOU_RS10565,USA300HOU_RS00915,USA300HOU_RS12445,USA300HOU_RS01230,USA300HOU_RS07055,USA300HOU_RS04190,USA300HOU_RS10955,USA300HOU_RS01175,USA300HOU_RS14305,USA300HOU_RS01240,USA300HOU_RS05780,USA300HOU_RS12610,USA300HOU_RS02205,USA300HOU_RS05830,USA300HOU_RS01380,USA300HOU_RS01195,USA300HOU_RS00460,USA300HOU_RS00180,USA300HOU_RS13325,USA300HOU_RS03440,USA300HOU_RS15100,USA300HOU_RS03110,USA300HOU_RS08545,,USA300HOU_RS09385,USA300HOU_RS01480,USA300HOU_RS02950,USA300HOU_RS06595,USA300HOU_RS14900,USA300HOU_RS07900,USA300HOU_RS14400,USA300HOU_RS04450,USA300HOU_RS05235,USA300HOU_RS11960,USA300HOU_RS07830,USA300HOU_RS00610,USA300HOU_RS14915,USA300HOU_RS03195,USA300HOU_RS01985,USA300HOU_RS12930,USA300HOU_RS01220,USA300HOU_RS01100,USA300HOU_RS00990,USA300HOU_RS00350,USA300HOU_RS03950,USA300HOU_RS11205,,USA300HOU_RS01005,USA300HOU_RS00315,USA300HOU_RS05300,USA300HOU_RS02105,USA300HOU_RS04085,USA300HOU_RS14730,USA300HOU_RS02305,USA300HOU_RS03780,USA300HOU_RS11875,USA300HOU_RS15010,USA300HOU_RS03625,USA300HOU_RS02835,USA300HOU_RS01055,USA300HOU_RS01390,USA300HOU_RS06030,USA300HOU_RS01245,USA300HOU_RS00170,USA300HOU_RS05785,USA300HOU_RS15895,USA300HOU_RS14730,USA300HOU_RS10955,USA300HOU_RS01395,USA300HOU_RS03370,USA300HOU_RS02755,USA300HOU_RS01755,USA300HOU_RS01780,USA300HOU_RS01445,USA300HOU_RS15705,USA300HOU_RS02125,,USA300HOU_RS01570,USA300HOU_RS10575,USA300HOU_RS02285,USA300HOU_RS09060,USA300HOU_RS11065,USA300HOU_RS03215,USA300HOU_RS05640,USA300HOU_RS10580,USA300HOU_RS00680,USA300HOU_RS00520,USA300HOU_RS00060,USA300HOU_RS05375,USA300HOU_RS01480,USA300HOU_RS04770,USA300HOU_RS00805,USA300HOU_RS14510,USA300HOU_RS05275,USA300HOU_RS05365,USA300HOU_RS03390,USA300HOU_RS14255,USA300HOU_RS05730,USA300HOU_RS07665,USA300HOU_RS04610,USA300HOU_RS13850,USA300HOU_RS01170,USA300HOU_RS00425,USA300HOU_RS02035,USA300HOU_RS10510,USA300HOU_RS09150,USA300HOU_RS00575,USA300HOU_RS04540,USA300HOU_RS15230,USA300HOU_RS00405,USA300HOU_RS11940,USA300HOU_RS12795,USA300HOU_RS01170,USA300HOU_RS06840,USA300HOU_RS02955,USA300HOU_RS07620,USA300HOU_RS03520,USA300HOU_RS08085,USA300HOU_RS01610,USA300HOU_RS07830,USA300HOU_RS01100,USA300HOU_RS09705
3,,USA300HOU_RS02410,USA300HOU_RS03390,USA300HOU_RS00235,USA300HOU_RS02065,USA300HOU_RS00885,USA300HOU_RS08215,USA300HOU_RS10535,USA300HOU_RS02190,USA300HOU_RS14355,USA300HOU_RS10495,USA300HOU_RS00575,USA300HOU_RS06750,USA300HOU_RS15720,USA300HOU_RS06655,USA300HOU_RS02550,USA300HOU_RS04890,USA300HOU_RS02570,USA300HOU_RS05290,USA300HOU_RS06805,USA300HOU_RS13070,USA300HOU_RS07810,USA300HOU_RS04500,USA300HOU_RS07235,USA300HOU_RS02025,USA300HOU_RS02735,USA300HOU_RS15450,USA300HOU_RS00920,USA300HOU_RS13110,USA300HOU_RS02340,USA300HOU_RS07060,USA300HOU_RS04195,USA300HOU_RS10960,USA300HOU_RS01180,USA300HOU_RS14310,USA300HOU_RS01990,USA300HOU_RS10430,USA300HOU_RS12615,USA300HOU_RS02210,USA300HOU_RS07710,USA300HOU_RS14355,USA300HOU_RS01200,USA300HOU_RS00670,USA300HOU_RS00185,USA300HOU_RS14190,USA300HOU_RS07900,USA300HOU_RS03490,USA300HOU_RS04685,USA300HOU_RS08550,,USA300HOU_RS09390,USA300HOU_RS01485,USA300HOU_RS05090,USA300HOU_RS11000,USA300HOU_RS15640,USA300HOU_RS07910,USA300HOU_RS14405,USA300HOU_RS15185,USA300HOU_RS07230,USA300HOU_RS11965,USA300HOU_RS07840,USA300HOU_RS00615,USA300HOU_RS00150,USA300HOU_RS03275,USA300HOU_RS03055,USA300HOU_RS12935,USA300HOU_RS04285,USA300HOU_RS01655,USA300HOU_RS01085,USA300HOU_RS00360,USA300HOU_RS04105,USA300HOU_RS11210,,USA300HOU_RS01010,USA300HOU_RS00330,USA300HOU_RS05305,USA300HOU_RS02110,USA300HOU_RS05830,USA300HOU_RS15640,USA300HOU_RS02430,,USA300HOU_RS11880,USA300HOU_RS02090,USA300HOU_RS04380,USA300HOU_RS02840,USA300HOU_RS01060,USA300HOU_RS01495,USA300HOU_RS06035,USA300HOU_RS01620,USA300HOU_RS15885,USA300HOU_RS05825,USA300HOU_RS09190,USA300HOU_RS14735,,USA300HOU_RS02035,USA300HOU_RS03375,USA300HOU_RS02760,USA300HOU_RS01760,USA300HOU_RS14230,USA300HOU_RS02340,USA300HOU_RS01810,USA300HOU_RS15050,,USA300HOU_RS01575,USA300HOU_RS10590,USA300HOU_RS11920,USA300HOU_RS15795,USA300HOU_RS11070,USA300HOU_RS03220,USA300HOU_RS05645,USA300HOU_RS15450,USA300HOU_RS00685,USA300HOU_RS00540,USA300HOU_RS00275,USA300HOU_RS06630,USA300HOU_RS03710,USA300HOU_RS09925,USA300HOU_RS00810,USA300HOU_RS14515,USA300HOU_RS05280,USA300HOU_RS11295,USA300HOU_RS04510,USA300HOU_RS14650,USA300HOU_RS05780,USA300HOU_RS07670,USA300HOU_RS04615,,USA300HOU_RS01175,USA300HOU_RS00435,USA300HOU_RS02265,USA300HOU_RS15525,USA300HOU_RS15390,USA300HOU_RS00795,USA300HOU_RS05440,USA300HOU_RS05285,USA300HOU_RS15720,USA300HOU_RS13275,USA300HOU_RS12855,USA300HOU_RS01425,USA300HOU_RS15900,USA300HOU_RS03850,USA300HOU_RS07625,USA300HOU_RS03525,USA300HOU_RS09150,USA300HOU_RS02180,USA300HOU_RS09220,USA300HOU_RS01105,USA300HOU_RS13800
4,,USA300HOU_RS03150,USA300HOU_RS03585,USA300HOU_RS00350,USA300HOU_RS02070,USA300HOU_RS01390,USA300HOU_RS09150,USA300HOU_RS10545,USA300HOU_RS04295,USA300HOU_RS14360,USA300HOU_RS10500,USA300HOU_RS00590,USA300HOU_RS06755,USA300HOU_RS05895,USA300HOU_RS06840,USA300HOU_RS14800,USA300HOU_RS04895,USA300HOU_RS02825,USA300HOU_RS05380,USA300HOU_RS08215,USA300HOU_RS13075,USA300HOU_RS07815,USA300HOU_RS05205,USA300HOU_RS09150,USA300HOU_RS02030,,USA300HOU_RS10835,USA300HOU_RS00925,USA300HOU_RS13115,USA300HOU_RS02950,USA300HOU_RS07065,USA300HOU_RS04200,USA300HOU_RS10965,USA300HOU_RS02180,USA300HOU_RS14315,USA300HOU_RS02550,USA300HOU_RS11055,USA300HOU_RS14155,USA300HOU_RS02215,USA300HOU_RS07860,USA300HOU_RS14360,USA300HOU_RS01205,USA300HOU_RS01920,USA300HOU_RS00190,,USA300HOU_RS08775,USA300HOU_RS06685,USA300HOU_RS06790,USA300HOU_RS08555,,USA300HOU_RS09395,USA300HOU_RS01490,USA300HOU_RS05825,USA300HOU_RS13710,USA300HOU_RS15870,USA300HOU_RS10590,USA300HOU_RS14410,USA300HOU_RS04455,USA300HOU_RS07845,USA300HOU_RS13770,USA300HOU_RS07845,USA300HOU_RS00620,USA300HOU_RS00155,USA300HOU_RS04300,USA300HOU_RS03270,USA300HOU_RS12940,USA300HOU_RS12375,USA300HOU_RS01660,USA300HOU_RS01230,USA300HOU_RS00365,USA300HOU_RS04110,USA300HOU_RS11215,,USA300HOU_RS01015,USA300HOU_RS00405,USA300HOU_RS05310,USA300HOU_RS02115,USA300HOU_RS06805,USA300HOU_RS15935,USA300HOU_RS02550,,USA300HOU_RS11885,USA300HOU_RS15055,USA300HOU_RS06320,USA300HOU_RS02845,USA300HOU_RS01065,USA300HOU_RS01530,USA300HOU_RS06040,USA300HOU_RS03215,USA300HOU_RS10700,USA300HOU_RS06240,USA300HOU_RS10570,USA300HOU_RS14740,,USA300HOU_RS03965,USA300HOU_RS03380,USA300HOU_RS04165,USA300HOU_RS01765,USA300HOU_RS14235,USA300HOU_RS03595,USA300HOU_RS04255,USA300HOU_RS02405,,USA300HOU_RS01585,USA300HOU_RS10595,,USA300HOU_RS15500,USA300HOU_RS11075,USA300HOU_RS07345,USA300HOU_RS05650,USA300HOU_RS15870,USA300HOU_RS00690,USA300HOU_RS00635,USA300HOU_RS00280,USA300HOU_RS06805,USA300HOU_RS03715,USA300HOU_RS09930,USA300HOU_RS00815,USA300HOU_RS14520,USA300HOU_RS11355,USA300HOU_RS11300,USA300HOU_RS05880,USA300HOU_RS14655,USA300HOU_RS07565,USA300HOU_RS07675,USA300HOU_RS04620,,USA300HOU_RS01700,USA300HOU_RS00440,USA300HOU_RS03625,USA300HOU_RS13780,USA300HOU_RS10405,USA300HOU_RS00930,USA300HOU_RS05730,USA300HOU_RS06005,USA300HOU_RS04560,,,USA300HOU_RS01450,USA300HOU_RS14790,USA300HOU_RS03855,USA300HOU_RS07630,USA300HOU_RS04745,USA300HOU_RS10310,USA300HOU_RS02490,USA300HOU_RS09375,USA300HOU_RS01110,USA300HOU_RS15925
5,,USA300HOU_RS03390,USA300HOU_RS03610,USA300HOU_RS00400,USA300HOU_RS10980,USA300HOU_RS01435,USA300HOU_RS10280,USA300HOU_RS10550,USA300HOU_RS04325,,,USA300HOU_RS00895,USA300HOU_RS06760,USA300HOU_RS05900,USA300HOU_RS07035,USA300HOU_RS14805,USA300HOU_RS04900,USA300HOU_RS02830,USA300HOU_RS06935,USA300HOU_RS15795,,USA300HOU_RS07820,USA300HOU_RS05210,USA300HOU_RS09440,USA300HOU_RS04515,,USA300HOU_RS10840,USA300HOU_RS00930,USA300HOU_RS13120,USA300HOU_RS03925,USA300HOU_RS07070,USA300HOU_RS04205,USA300HOU_RS10970,USA300HOU_RS02185,USA300HOU_RS14320,USA300HOU_RS15100,USA300HOU_RS13720,USA300HOU_RS14160,USA300HOU_RS02220,USA300HOU_RS09800,,USA300HOU_RS01210,USA300HOU_RS02815,USA300HOU_RS00200,,USA300HOU_RS08780,USA300HOU_RS07230,USA300HOU_RS06795,USA300HOU_RS08560,,USA300HOU_RS09400,USA300HOU_RS01495,USA300HOU_RS07645,,USA300HOU_RS15655,USA300HOU_RS10705,USA300HOU_RS14415,USA300HOU_RS04460,USA300HOU_RS08775,USA300HOU_RS13775,USA300HOU_RS07890,USA300HOU_RS00625,USA300HOU_RS00160,USA300HOU_RS05395,USA300HOU_RS04260,USA300HOU_RS12945,USA300HOU_RS12380,USA300HOU_RS01665,USA300HOU_RS01235,USA300HOU_RS00370,USA300HOU_RS06475,USA300HOU_RS11220,,USA300HOU_RS01020,USA300HOU_RS02085,USA300HOU_RS05315,USA300HOU_RS02125,USA300HOU_RS07235,USA300HOU_RS14735,USA300HOU_RS03625,,USA300HOU_RS15915,USA300HOU_RS04540,USA300HOU_RS06620,USA300HOU_RS02855,USA300HOU_RS01070,USA300HOU_RS01595,USA300HOU_RS06045,USA300HOU_RS04180,USA300HOU_RS14765,USA300HOU_RS06845,USA300HOU_RS10680,USA300HOU_RS14745,,USA300HOU_RS04075,USA300HOU_RS03385,USA300HOU_RS04835,USA300HOU_RS04290,USA300HOU_RS14480,USA300HOU_RS03760,USA300HOU_RS04380,USA300HOU_RS04085,,USA300HOU_RS01590,USA300HOU_RS10600,,USA300HOU_RS14190,USA300HOU_RS11080,USA300HOU_RS07350,USA300HOU_RS05655,,USA300HOU_RS00695,USA300HOU_RS00670,USA300HOU_RS01055,USA300HOU_RS07225,USA300HOU_RS04090,USA300HOU_RS11770,USA300HOU_RS00820,USA300HOU_RS14525,USA300HOU_RS11360,USA300HOU_RS11305,USA300HOU_RS08825,USA300HOU_RS14660,USA300HOU_RS15390,USA300HOU_RS07680,USA300HOU_RS04625,,USA300HOU_RS01965,USA300HOU_RS14950,USA300HOU_RS04325,USA300HOU_RS13860,USA300HOU_RS10535,USA300HOU_RS00935,USA300HOU_RS06620,USA300HOU_RS09060,USA300HOU_RS06320,,,USA300HOU_RS01455,USA300HOU_RS14820,USA300HOU_RS03860,USA300HOU_RS07635,USA300HOU_RS04750,USA300HOU_RS10510,USA300HOU_RS03255,USA300HOU_RS09570,USA300HOU_RS01115,USA300HOU_RS13810
6,,USA300HOU_RS04125,USA300HOU_RS03725,USA300HOU_RS00420,,USA300HOU_RS01440,USA300HOU_RS11285,USA300HOU_RS10555,USA300HOU_RS04505,,,USA300HOU_RS00900,,USA300HOU_RS10955,USA300HOU_RS07710,,USA300HOU_RS04905,USA300HOU_RS02835,USA300HOU_RS07265,USA300HOU_RS13720,,USA300HOU_RS07830,USA300HOU_RS05215,USA300HOU_RS09595,USA300HOU_RS04520,,USA300HOU_RS10845,USA300HOU_RS00935,USA300HOU_RS13125,USA300HOU_RS04285,USA300HOU_RS13740,USA300HOU_RS10280,USA300HOU_RS10975,USA300HOU_RS04275,,USA300HOU_RS04075,,USA300HOU_RS14165,USA300HOU_RS02225,USA300HOU_RS15590,,USA300HOU_RS14500,USA300HOU_RS03160,USA300HOU_RS00205,,USA300HOU_RS15345,USA300HOU_RS11285,USA300HOU_RS11580,USA300HOU_RS08565,,,USA300HOU_RS01500,USA300HOU_RS07650,,,USA300HOU_RS10710,USA300HOU_RS14420,USA300HOU_RS04465,USA300HOU_RS08920,USA300HOU_RS13780,USA300HOU_RS07900,USA300HOU_RS00630,USA300HOU_RS00165,USA300HOU_RS05400,USA300HOU_RS04270,USA300HOU_RS12950,USA300HOU_RS12385,USA300HOU_RS01695,USA300HOU_RS01625,USA300HOU_RS00375,USA300HOU_RS06815,USA300HOU_RS11225,,USA300HOU_RS01090,USA300HOU_RS02120,USA300HOU_RS05320,USA300HOU_RS02130,USA300HOU_RS07670,USA300HOU_RS14740,USA300HOU_RS06840,,USA300HOU_RS15920,USA300HOU_RS06625,USA300HOU_RS09105,USA300HOU_RS02860,USA300HOU_RS01430,USA300HOU_RS01835,USA300HOU_RS06050,USA300HOU_RS05880,USA300HOU_RS14770,USA300HOU_RS08990,USA300HOU_RS10685,USA300HOU_RS14755,,USA300HOU_RS05120,USA300HOU_RS03390,USA300HOU_RS08415,USA300HOU_RS11630,USA300HOU_RS14485,USA300HOU_RS04760,USA300HOU_RS04610,USA300HOU_RS04325,,USA300HOU_RS01595,USA300HOU_RS10605,,USA300HOU_RS14225,USA300HOU_RS11085,USA300HOU_RS07355,USA300HOU_RS05660,,USA300HOU_RS00740,USA300HOU_RS00680,USA300HOU_RS01060,USA300HOU_RS09570,USA300HOU_RS04915,,USA300HOU_RS00825,USA300HOU_RS14530,USA300HOU_RS11365,USA300HOU_RS11310,USA300HOU_RS09150,USA300HOU_RS14665,USA300HOU_RS11610,USA300HOU_RS07685,USA300HOU_RS04630,,USA300HOU_RS02190,USA300HOU_RS14955,USA300HOU_RS04510,USA300HOU_RS14065,USA300HOU_RS11280,USA300HOU_RS01150,USA300HOU_RS06805,USA300HOU_RS15425,USA300HOU_RS09575,,,USA300HOU_RS01460,USA300HOU_RS14855,USA300HOU_RS03865,USA300HOU_RS07640,USA300HOU_RS04760,USA300HOU_RS13615,USA300HOU_RS03760,USA300HOU_RS10510,USA300HOU_RS01120,
7,,USA300HOU_RS04265,USA300HOU_RS03760,USA300HOU_RS00580,,USA300HOU_RS01720,USA300HOU_RS11920,USA300HOU_RS15810,USA300HOU_RS04640,,,USA300HOU_RS01415,,,USA300HOU_RS07795,,USA300HOU_RS04910,USA300HOU_RS06240,USA300HOU_RS07270,USA300HOU_RS14065,,USA300HOU_RS07835,USA300HOU_RS10365,USA300HOU_RS10405,USA300HOU_RS04525,,USA300HOU_RS10850,USA300HOU_RS01050,USA300HOU_RS13130,USA300HOU_RS05145,USA300HOU_RS14280,USA300HOU_RS13765,USA300HOU_RS10980,USA300HOU_RS04285,,USA300HOU_RS05285,,USA300HOU_RS14170,USA300HOU_RS10590,,,,USA300HOU_RS03180,USA300HOU_RS00230,,USA300HOU_RS09835,,USA300HOU_RS11585,USA300HOU_RS08570,,,USA300HOU_RS01505,USA300HOU_RS09625,,,USA300HOU_RS10715,,USA300HOU_RS04470,USA300HOU_RS15780,,USA300HOU_RS07905,USA300HOU_RS00635,USA300HOU_RS00170,USA300HOU_RS05590,USA300HOU_RS04325,USA300HOU_RS12955,USA300HOU_RS12390,USA300HOU_RS02390,USA300HOU_RS01685,USA300HOU_RS00380,USA300HOU_RS06820,USA300HOU_RS11230,,USA300HOU_RS01095,USA300HOU_RS03125,USA300HOU_RS05325,USA300HOU_RS02140,USA300HOU_RS11350,USA300HOU_RS14745,USA300HOU_RS11175,,,USA300HOU_RS08065,USA300HOU_RS09150,USA300HOU_RS02865,USA300HOU_RS01500,USA300HOU_RS01965,USA300HOU_RS06055,USA300HOU_RS06840,USA300HOU_RS14775,USA300HOU_RS09065,USA300HOU_RS10690,USA300HOU_RS14760,,USA300HOU_RS06775,USA300HOU_RS03395,USA300HOU_RS08420,USA300HOU_RS14360,USA300HOU_RS14490,USA300HOU_RS05240,USA300HOU_RS05120,USA300HOU_RS06625,,USA300HOU_RS01600,USA300HOU_RS10610,,,USA300HOU_RS11090,USA300HOU_RS07360,USA300HOU_RS05665,,USA300HOU_RS00745,USA300HOU_RS15690,USA300HOU_RS01065,USA300HOU_RS13020,USA300HOU_RS04945,,USA300HOU_RS00830,USA300HOU_RS14535,USA300HOU_RS11370,,USA300HOU_RS09595,USA300HOU_RS14670,USA300HOU_RS12215,USA300HOU_RS07690,USA300HOU_RS04635,,USA300HOU_RS03810,USA300HOU_RS02125,USA300HOU_RS06725,,USA300HOU_RS11285,USA300HOU_RS01155,USA300HOU_RS06840,USA300HOU_RS12245,USA300HOU_RS10310,,,USA300HOU_RS01465,,USA300HOU_RS03870,USA300HOU_RS07955,USA300HOU_RS05295,,USA300HOU_RS03840,USA300HOU_RS11790,USA300HOU_RS01375,
8,,USA300HOU_RS04655,USA300HOU_RS03830,USA300HOU_RS00770,,USA300HOU_RS01725,USA300HOU_RS13020,USA300HOU_RS10565,USA300HOU_RS04735,,,USA300HOU_RS01640,,,USA300HOU_RS07810,,USA300HOU_RS05095,USA300HOU_RS06325,USA300HOU_RS07275,,,USA300HOU_RS07840,USA300HOU_RS10370,USA300HOU_RS11280,USA300HOU_RS04530,,USA300HOU_RS10855,USA300HOU_RS01055,USA300HOU_RS13135,USA300HOU_RS05150,,,,USA300HOU_RS05775,,USA300HOU_RS06610,,USA300HOU_RS14180,USA300HOU_RS10595,,,,USA300HOU_RS03220,USA300HOU_RS15890,,USA300HOU_RS10220,,USA300HOU_RS13005,USA300HOU_RS08980,,,USA300HOU_RS01510,USA300HOU_RS09630,,,USA300HOU_RS10720,,USA300HOU_RS04475,USA300HOU_RS10510,,USA300HOU_RS10280,USA300HOU_RS00640,USA300HOU_RS00175,USA300HOU_RS06375,USA300HOU_RS04330,USA300HOU_RS12960,USA300HOU_RS12395,USA300HOU_RS02395,USA300HOU_RS01835,USA300HOU_RS00385,USA300HOU_RS06825,USA300HOU_RS13065,,USA300HOU_RS01100,USA300HOU_RS03145,USA300HOU_RS05330,USA300HOU_RS02145,USA300HOU_RS12270,USA300HOU_RS14750,,,,USA300HOU_RS09185,USA300HOU_RS09220,USA300HOU_RS02870,USA300HOU_RS01910,USA300HOU_RS01995,USA300HOU_RS06060,USA300HOU_RS07360,,USA300HOU_RS09355,USA300HOU_RS10695,USA300HOU_RS14765,,USA300HOU_RS07225,USA300HOU_RS03400,USA300HOU_RS08425,,USA300HOU_RS14495,USA300HOU_RS09425,USA300HOU_RS05165,USA300HOU_RS06805,,USA300HOU_RS01605,USA300HOU_RS10615,,,USA300HOU_RS11095,,USA300HOU_RS05670,,USA300HOU_RS00750,USA300HOU_RS00880,USA300HOU_RS01070,,USA300HOU_RS15220,,USA300HOU_RS00835,USA300HOU_RS14540,USA300HOU_RS11375,,USA300HOU_RS15390,USA300HOU_RS15630,USA300HOU_RS13615,USA300HOU_RS07695,USA300HOU_RS06925,,USA300HOU_RS03815,USA300HOU_RS10980,USA300HOU_RS09595,,USA300HOU_RS12215,USA300HOU_RS01210,USA300HOU_RS07795,USA300HOU_RS12760,USA300HOU_RS15500,,,USA300HOU_RS01475,,USA300HOU_RS03875,USA300HOU_RS07960,USA300HOU_RS05745,,USA300HOU_RS04025,USA300HOU_RS13275,USA300HOU_RS01380,
9,,USA300HOU_RS04735,USA300HOU_RS03865,USA300HOU_RS15700,,USA300HOU_RS01730,,USA300HOU_RS10580,USA300HOU_RS04825,,,USA300HOU_RS01645,,,USA300HOU_RS07895,,USA300HOU_RS06750,USA300HOU_RS06330,USA300HOU_RS07280,,,USA300HOU_RS07845,USA300HOU_RS10565,USA300HOU_RS11910,USA300HOU_RS04535,,USA300HOU_RS10860,USA300HOU_RS01060,,USA300HOU_RS05830,,,,USA300HOU_RS05795,,USA300HOU_RS07745,,,,,,,USA300HOU_RS03965,USA300HOU_RS00280,,USA300HOU_RS10230,,USA300HOU_RS13065,USA300HOU_RS08985,,,USA300HOU_RS01515,USA300HOU_RS09635,,,USA300HOU_RS10725,,USA300HOU_RS04480,USA300HOU_RS15450,,USA300HOU_RS10510,USA300HOU_RS00645,USA300HOU_RS00180,USA300HOU_RS06380,USA300HOU_RS04350,USA300HOU_RS12965,USA300HOU_RS12400,USA300HOU_RS02400,USA300HOU_RS01840,USA300HOU_RS00800,USA300HOU_RS06850,USA300HOU_RS13590,,USA300HOU_RS01105,USA300HOU_RS15100,USA300HOU_RS05335,USA300HOU_RS02150,USA300HOU_RS15855,USA300HOU_RS15870,,,,USA300HOU_RS15375,USA300HOU_RS15525,USA300HOU_RS02875,USA300HOU_RS02265,USA300HOU_RS02095,USA300HOU_RS14040,USA300HOU_RS10875,,USA300HOU_RS10275,USA300HOU_RS10700,USA300HOU_RS14770,,USA300HOU_RS11875,USA300HOU_RS03405,USA300HOU_RS08430,,,USA300HOU_RS10940,USA300HOU_RS06320,USA300HOU_RS08875,,,USA300HOU_RS15905,,,USA300HOU_RS11100,,USA300HOU_RS05675,,USA300HOU_RS00755,USA300HOU_RS01065,USA300HOU_RS01885,,USA300HOU_RS05145,,USA300HOU_RS00840,USA300HOU_RS14545,USA300HOU_RS11380,,USA300HOU_RS15795,USA300HOU_RS14675,,USA300HOU_RS07700,USA300HOU_RS14340,,USA300HOU_RS03820,,USA300HOU_RS12760,,USA300HOU_RS15570,USA300HOU_RS01220,USA300HOU_RS10430,USA300HOU_RS12875,USA300HOU_RS12530,,,USA300HOU_RS01480,,USA300HOU_RS05515,USA300HOU_RS15320,USA300HOU_RS05750,,USA300HOU_RS04040,USA300HOU_RS13280,USA300HOU_RS12575,
10,,USA300HOU_RS15235,USA300HOU_RS04085,USA300HOU_RS00995,,USA300HOU_RS01735,,USA300HOU_RS15450,USA300HOU_RS04870,,,USA300HOU_RS01745,,,USA300HOU_RS08215,,USA300HOU_RS06755,USA300HOU_RS06415,USA300HOU_RS07415,,,USA300HOU_RS07855,USA300HOU_RS11935,USA300HOU_RS12215,USA300HOU_RS06785,,USA300HOU_RS10865,USA300HOU_RS01065,,USA300HOU_RS05875,,,,USA300HOU_RS10530,,USA300HOU_RS07810,,,,,,,USA300HOU_RS03990,USA300HOU_RS00285,,USA300HOU_RS10235,,USA300HOU_RS13350,USA300HOU_RS13205,,,USA300HOU_RS01520,USA300HOU_RS15785,,,USA300HOU_RS10730,,USA300HOU_RS04485,USA300HOU_RS11595,,USA300HOU_RS10700,USA300HOU_RS01510,USA300HOU_RS00185,USA300HOU_RS06385,USA300HOU_RS04505,USA300HOU_RS12970,USA300HOU_RS12405,USA300HOU_RS07505,USA300HOU_RS01845,USA300HOU_RS03295,USA300HOU_RS06855,,,USA300HOU_RS01130,USA300HOU_RS03725,USA300HOU_RS05340,USA300HOU_RS02155,,USA300HOU_RS14755,,,,USA300HOU_RS10850,USA300HOU_RS13275,USA300HOU_RS02880,USA300HOU_RS02985,USA300HOU_RS02140,,USA300HOU_RS12805,,USA300HOU_RS15810,USA300HOU_RS10705,USA300HOU_RS14780,,USA300HOU_RS15525,USA300HOU_RS03410,USA300HOU_RS08435,,,USA300HOU_RS11320,USA300HOU_RS06625,USA300HOU_RS09595,,,USA300HOU_RS10625,,,,,USA300HOU_RS05680,,USA300HOU_RS00760,USA300HOU_RS01080,USA300HOU_RS01890,,USA300HOU_RS05150,,USA300HOU_RS00845,USA300HOU_RS14550,USA300HOU_RS11385,,USA300HOU_RS12270,,,USA300HOU_RS07705,,,USA300HOU_RS03825,,USA300HOU_RS13080,,,USA300HOU_RS01225,USA300HOU_RS15450,,,,,USA300HOU_RS01485,,USA300HOU_RS07655,USA300HOU_RS15325,USA300HOU_RS05910,,USA300HOU_RS04675,USA300HOU_RS14225,USA300HOU_RS13580,
11,,USA300HOU_RS05440,USA300HOU_RS04210,USA300HOU_RS01280,,USA300HOU_RS01740,,USA300HOU_RS10590,USA300HOU_RS05095,,,USA300HOU_RS02050,,,USA300HOU_RS11025,,USA300HOU_RS07095,USA300HOU_RS06865,USA300HOU_RS07420,,,USA300HOU_RS07860,USA300HOU_RS14330,USA300HOU_RS12270,USA300HOU_RS06840,,,USA300HOU_RS01070,,USA300HOU_RS09540,,,,USA300HOU_RS10555,,USA300HOU_RS09230,,,,,,,USA300HOU_RS04075,USA300HOU_RS00290,,USA300HOU_RS13875,,USA300HOU_RS13355,,,,USA300HOU_RS01525,USA300HOU_RS09640,,,USA300HOU_RS10735,,USA300HOU_RS04490,USA300HOU_RS12215,,USA300HOU_RS10720,USA300HOU_RS03985,USA300HOU_RS00190,USA300HOU_RS06390,USA300HOU_RS05375,USA300HOU_RS12975,USA300HOU_RS12410,USA300HOU_RS08055,USA300HOU_RS02025,USA300HOU_RS03300,USA300HOU_RS06945,,,USA300HOU_RS01655,USA300HOU_RS03830,USA300HOU_RS05345,USA300HOU_RS02160,,USA300HOU_RS14760,,,,USA300HOU_RS13280,,USA300HOU_RS11365,USA300HOU_RS03000,USA300HOU_RS02250,,USA300HOU_RS12980,,USA300HOU_RS10955,USA300HOU_RS10710,USA300HOU_RS14785,,USA300HOU_RS13080,USA300HOU_RS09190,USA300HOU_RS10910,,,USA300HOU_RS12440,USA300HOU_RS06705,USA300HOU_RS10830,,,USA300HOU_RS15455,,,,,,,USA300HOU_RS01450,USA300HOU_RS01170,USA300HOU_RS01895,,USA300HOU_RS06275,,USA300HOU_RS00850,,USA300HOU_RS11390,,USA300HOU_RS15935,,,USA300HOU_RS07710,,,USA300HOU_RS04280,,USA300HOU_RS13835,,,USA300HOU_RS01230,USA300HOU_RS12315,,,,,USA300HOU_RS01490,,USA300HOU_RS07660,USA300HOU_RS10855,USA300HOU_RS06265,,USA300HOU_RS04870,,USA300HOU_RS13690,
12,,USA300HOU_RS06775,USA300HOU_RS04315,USA300HOU_RS01360,,USA300HOU_RS03500,,USA300HOU_RS10605,USA300HOU_RS05725,,,USA300HOU_RS02105,,,USA300HOU_RS12200,,USA300HOU_RS07100,USA300HOU_RS08455,USA300HOU_RS07605,,,USA300HOU_RS07905,USA300HOU_RS14335,USA300HOU_RS12760,USA300HOU_RS08005,,,USA300HOU_RS02030,,USA300HOU_RS09545,,,,USA300HOU_RS11725,,USA300HOU_RS09575,,,,,,,USA300HOU_RS04300,USA300HOU_RS00295,,,,USA300HOU_RS13360,,,,USA300HOU_RS01530,USA300HOU_RS09645,,,USA300HOU_RS10740,,USA300HOU_RS15195,USA300HOU_RS13165,,USA300HOU_RS10740,USA300HOU_RS05640,USA300HOU_RS00195,USA300HOU_RS07315,USA300HOU_RS05390,USA300HOU_RS12980,USA300HOU_RS13255,USA300HOU_RS08060,USA300HOU_RS02095,USA300HOU_RS03610,USA300HOU_RS06950,,,USA300HOU_RS01660,USA300HOU_RS04085,USA300HOU_RS05350,USA300HOU_RS04280,,USA300HOU_RS14765,,,,USA300HOU_RS13515,,USA300HOU_RS11380,USA300HOU_RS03005,USA300HOU_RS15050,,USA300HOU_RS13450,,USA300HOU_RS11910,USA300HOU_RS10715,USA300HOU_RS15650,,,,USA300HOU_RS10915,,,USA300HOU_RS12465,USA300HOU_RS07505,USA300HOU_RS12840,,,USA300HOU_RS10630,,,,,,,USA300HOU_RS02260,USA300HOU_RS01310,USA300HOU_RS01900,,USA300HOU_RS06280,,USA300HOU_RS00855,,USA300HOU_RS11395,,USA300HOU_RS14790,,,USA300HOU_RS07715,,,USA300HOU_RS04290,,USA300HOU_RS13845,,,USA300HOU_RS01235,,,,,,USA300HOU_RS01505,,USA300HOU_RS07910,,USA300HOU_RS06270,,USA300HOU_RS04880,,,
13,,USA300HOU_RS08255,USA300HOU_RS04320,USA300HOU_RS01465,,USA300HOU_RS03505,,USA300HOU_RS10695,USA300HOU_RS06100,,,USA300HOU_RS02545,,,USA300HOU_RS15525,,USA300HOU_RS07105,USA300HOU_RS08750,USA300HOU_RS08775,,,USA300HOU_RS07910,,USA300HOU_RS13140,USA300HOU_RS08010,,,USA300HOU_RS02315,,USA300HOU_RS09550,,,,USA300HOU_RS13085,,USA300HOU_RS09855,,,,,,,USA300HOU_RS04610,USA300HOU_RS00300,,,,USA300HOU_RS13365,,,,USA300HOU_RS01535,USA300HOU_RS09650,,,USA300HOU_RS10745,,USA300HOU_RS10510,,,USA300HOU_RS10850,USA300HOU_RS06785,USA300HOU_RS00200,USA300HOU_RS07975,USA300HOU_RS08645,,USA300HOU_RS13260,USA300HOU_RS08940,USA300HOU_RS02100,USA300HOU_RS05115,USA300HOU_RS06955,,,USA300HOU_RS01670,USA300HOU_RS04240,USA300HOU_RS06800,USA300HOU_RS04285,,USA300HOU_RS14770,,,,USA300HOU_RS13560,,USA300HOU_RS12040,USA300HOU_RS03010,USA300HOU_RS02305,,USA300HOU_RS13685,,USA300HOU_RS12465,USA300HOU_RS10720,USA300HOU_RS15655,,,,USA300HOU_RS15475,,,USA300HOU_RS12635,USA300HOU_RS07585,USA300HOU_RS13080,,,USA300HOU_RS10635,,,,,,,USA300HOU_RS02950,USA300HOU_RS01360,USA300HOU_RS01905,,USA300HOU_RS06285,,USA300HOU_RS00860,,USA300HOU_RS11400,,USA300HOU_RS15655,,,USA300HOU_RS07720,,,USA300HOU_RS05775,,USA300HOU_RS14065,,,USA300HOU_RS01345,,,,,,USA300HOU_RS01610,,USA300HOU_RS07950,,USA300HOU_RS07205,,USA300HOU_RS05540,,,
14,,USA300HOU_RS15900,USA300HOU_RS04330,USA300HOU_RS01715,,USA300HOU_RS03510,,USA300HOU_RS10800,USA300HOU_RS06150,,,USA300HOU_RS03005,,,USA300HOU_RS13835,,USA300HOU_RS07110,USA300HOU_RS08755,USA300HOU_RS08780,,,USA300HOU_RS15895,,USA300HOU_RS15570,USA300HOU_RS10275,,,USA300HOU_RS02320,,USA300HOU_RS09725,,,,USA300HOU_RS13550,,USA300HOU_RS10430,,,,,,,USA300HOU_RS04810,USA300HOU_RS00325,,,,USA300HOU_RS13370,,,,USA300HOU_RS04240,USA300HOU_RS09655,,,USA300HOU_RS10790,,USA300HOU_RS10835,,,USA300HOU_RS14480,,USA300HOU_RS00205,USA300HOU_RS08290,USA300HOU_RS08650,,USA300HOU_RS13265,USA300HOU_RS09200,USA300HOU_RS02895,USA300HOU_RS07920,USA300HOU_RS07845,,,USA300HOU_RS01675,USA300HOU_RS04315,USA300HOU_RS06810,USA300HOU_RS04290,,USA300HOU_RS14775,,,,USA300HOU_RS13615,,USA300HOU_RS12045,USA300HOU_RS03015,USA300HOU_RS02515,,,,USA300HOU_RS13065,USA300HOU_RS10725,USA300HOU_RS14800,,,,USA300HOU_RS10925,,,USA300HOU_RS13795,USA300HOU_RS07625,USA300HOU_RS14675,,,USA300HOU_RS10640,,,,,,,USA300HOU_RS02955,USA300HOU_RS01475,USA300HOU_RS02325,,USA300HOU_RS07215,,USA300HOU_RS00865,,,,USA300HOU_RS14850,,,USA300HOU_RS07725,,,USA300HOU_RS05785,,USA300HOU_RS14135,,,USA300HOU_RS01630,,,,,,USA300HOU_RS01615,,USA300HOU_RS07955,,USA300HOU_RS07210,,USA300HOU_RS05605,,,
15,,USA300HOU_RS09555,USA300HOU_RS04400,USA300HOU_RS01770,,USA300HOU_RS03970,,USA300HOU_RS10810,USA300HOU_RS06195,,,USA300HOU_RS03055,,,USA300HOU_RS15855,,USA300HOU_RS07115,USA300HOU_RS08760,USA300HOU_RS15345,,,USA300HOU_RS07960,,USA300HOU_RS15930,USA300HOU_RS11550,,,USA300HOU_RS02325,,USA300HOU_RS11320,,,,USA300HOU_RS13555,,USA300HOU_RS12530,,,,,,,USA300HOU_RS05120,USA300HOU_RS00330,,,,USA300HOU_RS13375,,,,USA300HOU_RS05150,USA300HOU_RS09715,,,,,USA300HOU_RS10840,,,,,USA300HOU_RS00210,USA300HOU_RS08295,USA300HOU_RS10215,,USA300HOU_RS13290,USA300HOU_RS12870,USA300HOU_RS02970,USA300HOU_RS10805,USA300HOU_RS07890,,,USA300HOU_RS01680,USA300HOU_RS04545,USA300HOU_RS10360,USA300HOU_RS05785,,USA300HOU_RS14780,,,,USA300HOU_RS14065,,USA300HOU_RS12050,USA300HOU_RS03020,USA300HOU_RS02650,,,,USA300HOU_RS14680,USA300HOU_RS10730,USA300HOU_RS14805,,,,USA300HOU_RS10930,,,USA300HOU_RS13925,USA300HOU_RS07820,,,,USA300HOU_RS10645,,,,,,,USA300HOU_RS03110,USA300HOU_RS01515,USA300HOU_RS02330,,USA300HOU_RS07220,,USA300HOU_RS00870,,,,,,,USA300HOU_RS07730,,,USA300HOU_RS05795,,,,,USA300HOU_RS03215,,,,,,USA300HOU_RS02250,,USA300HOU_RS07960,,USA300HOU_RS08195,,USA300HOU_RS05820,,,
16,,USA300HOU_RS09600,USA300HOU_RS04615,USA300HOU_RS02200,,USA300HOU_RS03975,,USA300HOU_RS10835,USA300HOU_RS06225,,,USA300HOU_RS03085,,,,,,USA300HOU_RS08895,USA300HOU_RS09170,,,USA300HOU_RS15345,,,,,,USA300HOU_RS02330,,USA300HOU_RS12685,,,,,,USA300HOU_RS12635,,,,,,,USA300HOU_RS05435,USA300HOU_RS01225,,,,USA300HOU_RS13380,,,,,USA300HOU_RS09720,,,,,USA300HOU_RS10850,,,,,USA300HOU_RS00215,USA300HOU_RS08300,USA300HOU_RS10850,,USA300HOU_RS13630,USA300HOU_RS13570,USA300HOU_RS02975,,USA300HOU_RS07900,,,USA300HOU_RS01765,USA300HOU_RS05170,USA300HOU_RS12190,USA300HOU_RS05845,,USA300HOU_RS14885,,,,,,USA300HOU_RS12055,USA300HOU_RS03025,USA300HOU_RS02795,,,,,USA300HOU_RS10735,USA300HOU_RS15660,,,,,,,USA300HOU_RS13935,USA300HOU_RS08230,,,,USA300HOU_RS10650,,,,,,,USA300HOU_RS03710,USA300HOU_RS01525,USA300HOU_RS02335,,USA300HOU_RS07225,,USA300HOU_RS00875,,,,,,,USA300HOU_RS07735,,,USA300HOU_RS05800,,,,,USA300HOU_RS05410,,,,,,USA300HOU_RS03005,,USA300HOU_RS13405,,USA300HOU_RS08200,,USA300HOU_RS06730,,,
17,,USA300HOU_RS09705,USA300HOU_RS05110,USA300HOU_RS02205,,USA300HOU_RS03980,,USA300HOU_RS10840,USA300HOU_RS06240,,,USA300HOU_RS03090,,,,,,USA300HOU_RS08900,USA300HOU_RS09835,,,USA300HOU_RS10705,,,,,,USA300HOU_RS02335,,USA300HOU_RS13165,,,,,,USA300HOU_RS13020,,,,,,,USA300HOU_RS06565,USA300HOU_RS01430,,,,USA300HOU_RS13385,,,,,USA300HOU_RS10865,,,,,USA300HOU_RS10855,,,,,USA300HOU_RS00220,USA300HOU_RS08305,USA300HOU_RS10880,,USA300HOU_RS13635,USA300HOU_RS13575,USA300HOU_RS03415,,USA300HOU_RS15370,,,USA300HOU_RS01785,USA300HOU_RS05440,,USA300HOU_RS05850,,,,,,,,USA300HOU_RS12060,USA300HOU_RS03490,USA300HOU_RS02815,,,,,USA300HOU_RS10740,USA300HOU_RS14820,,,,,,,USA300HOU_RS13940,USA300HOU_RS09230,,,,USA300HOU_RS10655,,,,,,,USA300HOU_RS05115,USA300HOU_RS01530,USA300HOU_RS02955,,USA300HOU_RS08085,,USA300HOU_RS11210,,,,,,,USA300HOU_RS07740,,,USA300HOU_RS05825,,,,,USA300HOU_RS05415,,,,,,USA300HOU_RS04240,,,,USA300HOU_RS08205,,USA300HOU_RS06840,,,
18,,USA300HOU_RS09895,USA300HOU_RS05165,USA300HOU_RS02210,,USA300HOU_RS03985,,USA300HOU_RS10845,USA300HOU_RS06790,,,USA300HOU_RS03095,,,,,,USA300HOU_RS09120,USA300HOU_RS10115,,,USA300HOU_RS10710,,,,,,USA300HOU_RS02630,,USA300HOU_RS15580,,,,,,USA300HOU_RS14190,,,,,,,USA300HOU_RS06630,USA300HOU_RS01960,,,,USA300HOU_RS13390,,,,,USA300HOU_RS10870,,,,,,,,,,USA300HOU_RS00230,USA300HOU_RS09045,USA300HOU_RS11145,,USA300HOU_RS13685,USA300HOU_RS13580,USA300HOU_RS03555,,USA300HOU_RS10185,,,USA300HOU_RS02890,USA300HOU_RS05770,,USA300HOU_RS05855,,,,,,,,USA300HOU_RS12065,USA300HOU_RS04255,USA300HOU_RS03040,,,,,USA300HOU_RS10745,USA300HOU_RS14825,,,,,,,,USA300HOU_RS10120,,,,USA300HOU_RS10660,,,,,,,USA300HOU_RS05160,USA300HOU_RS01610,USA300HOU_RS03910,,USA300HOU_RS09150,,USA300HOU_RS11215,,,,,,,USA300HOU_RS07745,,,USA300HOU_RS09665,,,,,USA300HOU_RS05420,,,,,,USA300HOU_RS04245,,,,USA300HOU_RS08980,,USA300HOU_RS08030,,,
19,,USA300HOU_RS10280,USA300HOU_RS05170,USA300HOU_RS02215,,USA300HOU_RS04360,,USA300HOU_RS10850,USA300HOU_RS06835,,,USA300HOU_RS03375,,,,,,USA300HOU_RS09860,USA300HOU_RS10170,,,USA300HOU_RS10720,,,,,,USA300HOU_RS11005,,USA300HOU_RS13630,,,,,,,,,,,,,USA300HOU_RS06645,USA300HOU_RS02265,,,,USA300HOU_RS14005,,,,,USA300HOU_RS10875,,,,,,,,,,USA300HOU_RS00235,USA300HOU_RS09050,USA300HOU_RS11575,,USA300HOU_RS14340,USA300HOU_RS13765,USA300HOU_RS03900,,USA300HOU_RS10445,,,USA300HOU_RS02900,USA300HOU_RS05790,,USA300HOU_RS10520,,,,,,,,USA300HOU_RS12070,USA300HOU_RS04465,USA300HOU_RS03050,,,,,USA300HOU_RS10750,USA300HOU_RS14830,,,,,,,,USA300HOU_RS10700,,,,USA300HOU_RS10665,,,,,,,USA300HOU_RS05230,USA300HOU_RS01690,USA300HOU_RS04065,,USA300HOU_RS10980,,USA300HOU_RS11230,,,,,,,USA300HOU_RS07750,,,USA300HOU_RS10520,,,,,USA300HOU_RS05565,,,,,,USA300HOU_RS04250,,,,USA300HOU_RS08985,,USA300HOU_RS08075,,,
20,,USA300HOU_RS10465,USA300HOU_RS05440,USA300HOU_RS02220,,USA300HOU_RS05645,,USA300HOU_RS10860,USA300HOU_RS06940,,,USA300HOU_RS03670,,,,,,USA300HOU_RS11235,USA300HOU_RS10220,,,USA300HOU_RS10735,,,,,,USA300HOU_RS11010,,USA300HOU_RS13635,,,,,,,,,,,,,USA300HOU_RS07410,USA300HOU_RS03315,,,,USA300HOU_RS14010,,,,,USA300HOU_RS13100,,,,,,,,,,USA300HOU_RS00240,USA300HOU_RS09485,USA300HOU_RS11635,,,,USA300HOU_RS03905,,USA300HOU_RS15425,,,USA300HOU_RS02905,USA300HOU_RS05845,,USA300HOU_RS10525,,,,,,,,USA300HOU_RS12075,USA300HOU_RS04840,USA300HOU_RS03175,,,,,USA300HOU_RS10755,USA300HOU_RS14835,,,,,,,,USA300HOU_RS11025,,,,USA300HOU_RS10670,,,,,,,USA300HOU_RS05235,USA300HOU_RS01780,USA300HOU_RS04340,,USA300HOU_RS12430,,,,,,,,,USA300HOU_RS07755,,,USA300HOU_RS10525,,,,,USA300HOU_RS05570,,,,,,USA300HOU_RS04865,,,,USA300HOU_RS09065,,USA300HOU_RS08665,,,
21,,USA300HOU_RS10845,USA300HOU_RS05530,USA300HOU_RS02225,,USA300HOU_RS05650,,USA300HOU_RS10865,USA300HOU_RS07140,,,USA300HOU_RS03675,,,,,,USA300HOU_RS11290,USA300HOU_RS10225,,,USA300HOU_RS10740,,,,,,USA300HOU_RS12370,,USA300HOU_RS13685,,,,,,,,,,,,,USA300HOU_RS07900,USA300HOU_RS03340,,,,USA300HOU_RS14015,,,,,USA300HOU_RS13105,,,,,,,,,,USA300HOU_RS14925,USA300HOU_RS09520,USA300HOU_RS11640,,,,USA300HOU_RS04045,,USA300HOU_RS10510,,,USA300HOU_RS03195,USA300HOU_RS06485,,USA300HOU_RS12755,,,,,,,,USA300HOU_RS12080,USA300HOU_RS07795,USA300HOU_RS03200,,,,,USA300HOU_RS10760,USA300HOU_RS14840,,,,,,,,USA300HOU_RS13275,,,,USA300HOU_RS10675,,,,,,,USA300HOU_RS05515,USA300HOU_RS01815,USA300HOU_RS04675,,USA300HOU_RS15570,,,,,,,,,USA300HOU_RS07760,,,USA300HOU_RS10530,,,,,USA300HOU_RS05575,,,,,,USA300HOU_RS15235,,,,USA300HOU_RS09195,,USA300HOU_RS09790,,,
22,,USA300HOU_RS11015,USA300HOU_RS05710,USA300HOU_RS02315,,USA300HOU_RS05655,,USA300HOU_RS13790,USA300HOU_RS07535,,,USA300HOU_RS03680,,,,,,USA300HOU_RS11445,USA300HOU_RS10230,,,USA300HOU_RS10785,,,,,,USA300HOU_RS13040,,USA300HOU_RS14295,,,,,,,,,,,,,USA300HOU_RS08295,USA300HOU_RS03390,,,,USA300HOU_RS15625,,,,,,,,,,,,,,,USA300HOU_RS00245,USA300HOU_RS09525,USA300HOU_RS11645,,,,USA300HOU_RS04135,,USA300HOU_RS10810,,,USA300HOU_RS03515,USA300HOU_RS06630,,USA300HOU_RS13830,,,,,,,,USA300HOU_RS12085,USA300HOU_RS07950,USA300HOU_RS03250,,,,,USA300HOU_RS10765,USA300HOU_RS14850,,,,,,,,USA300HOU_RS15835,,,,USA300HOU_RS10680,,,,,,,USA300HOU_RS06275,USA300HOU_RS01820,USA300HOU_RS04915,,USA300HOU_RS14020,,,,,,,,,USA300HOU_RS07765,,,USA300HOU_RS10550,,,,,USA300HOU_RS06795,,,,,,USA300HOU_RS06095,,,,USA300HOU_RS09540,,USA300HOU_RS12835,,,
23,,USA300HOU_RS11045,USA300HOU_RS05790,USA300HOU_RS02945,,USA300HOU_RS05660,,,USA300HOU_RS08280,,,USA300HOU_RS03685,,,,,,USA300HOU_RS12010,USA300HOU_RS10235,,,USA300HOU_RS10790,,,,,,USA300HOU_RS13045,,USA300HOU_RS14340,,,,,,,,,,,,,USA300HOU_RS08495,USA300HOU_RS05845,,,,,,,,,,,,,,,,,,,USA300HOU_RS00250,USA300HOU_RS09530,USA300HOU_RS11830,,,,USA300HOU_RS04365,,USA300HOU_RS11750,,,USA300HOU_RS03520,USA300HOU_RS06660,,,,,,,,,,USA300HOU_RS12090,USA300HOU_RS08475,USA300HOU_RS03370,,,,,USA300HOU_RS10770,USA300HOU_RS14855,,,,,,,,USA300HOU_RS13560,,,,USA300HOU_RS10685,,,,,,,USA300HOU_RS06280,USA300HOU_RS01835,USA300HOU_RS05020,,USA300HOU_RS14025,,,,,,,,,USA300HOU_RS07770,,,USA300HOU_RS10555,,,,,USA300HOU_RS07375,,,,,,USA300HOU_RS15320,,,,USA300HOU_RS09665,,USA300HOU_RS13150,,,
24,,USA300HOU_RS11790,USA300HOU_RS05825,USA300HOU_RS15100,,USA300HOU_RS05665,,,USA300HOU_RS08400,,,USA300HOU_RS03690,,,,,,USA300HOU_RS12015,USA300HOU_RS10295,,,USA300HOU_RS15910,,,,,,USA300HOU_RS13050,,USA300HOU_RS14345,,,,,,,,,,,,,USA300HOU_RS09330,USA300HOU_RS05880,,,,,,,,,,,,,,,,,,,USA300HOU_RS00255,USA300HOU_RS11025,USA300HOU_RS11835,,,,USA300HOU_RS04550,,USA300HOU_RS11755,,,USA300HOU_RS03525,USA300HOU_RS06680,,,,,,,,,,USA300HOU_RS12095,USA300HOU_RS09105,USA300HOU_RS03385,,,,,USA300HOU_RS10775,USA300HOU_RS14860,,,,,,,,USA300HOU_RS13800,,,,USA300HOU_RS10815,,,,,,,USA300HOU_RS06285,USA300HOU_RS15030,USA300HOU_RS05025,,USA300HOU_RS14030,,,,,,,,,USA300HOU_RS07775,,,USA300HOU_RS10565,,,,,USA300HOU_RS10395,,,,,,USA300HOU_RS15325,,,,USA300HOU_RS10850,,USA300HOU_RS14145,,,
25,,USA300HOU_RS11935,USA300HOU_RS05875,USA300HOU_RS03280,,USA300HOU_RS05670,,,USA300HOU_RS08455,,,USA300HOU_RS03800,,,,,,USA300HOU_RS13940,USA300HOU_RS10300,,,USA300HOU_RS10810,,,,,,,,,,,,,,,,,,,,,USA300HOU_RS09410,USA300HOU_RS06805,,,,,,,,,,,,,,,,,,,USA300HOU_RS00260,USA300HOU_RS11470,USA300HOU_RS11840,,,,USA300HOU_RS04555,,USA300HOU_RS11760,,,USA300HOU_RS04065,USA300HOU_RS06685,,,,,,,,,,USA300HOU_RS12100,USA300HOU_RS09940,USA300HOU_RS03405,,,,,USA300HOU_RS10780,USA300HOU_RS14865,,,,,,,,USA300HOU_RS15925,,,,,,,,,,,USA300HOU_RS06560,USA300HOU_RS01980,USA300HOU_RS15225,,USA300HOU_RS14500,,,,,,,,,USA300HOU_RS07785,,,USA300HOU_RS10870,,,,,USA300HOU_RS10555,,,,,,USA300HOU_RS07970,,,,USA300HOU_RS11530,,USA300HOU_RS14190,,,
26,,USA300HOU_RS11975,USA300HOU_RS05980,USA300HOU_RS03285,,USA300HOU_RS05675,,,USA300HOU_RS09045,,,USA300HOU_RS03805,,,,,,USA300HOU_RS14725,USA300HOU_RS11460,,,USA300HOU_RS10860,,,,,,,,,,,,,,,,,,,,,USA300HOU_RS09625,USA300HOU_RS06970,,,,,,,,,,,,,,,,,,,USA300HOU_RS00265,USA300HOU_RS12285,USA300HOU_RS11845,,,,USA300HOU_RS04565,,USA300HOU_RS12980,,,USA300HOU_RS04745,USA300HOU_RS06695,,,,,,,,,,USA300HOU_RS12105,USA300HOU_RS15795,USA300HOU_RS03495,,,,,USA300HOU_RS15460,USA300HOU_RS14870,,,,,,,,USA300HOU_RS14765,,,,,,,,,,,USA300HOU_RS06565,USA300HOU_RS01985,USA300HOU_RS05125,,,,,,,,,,,USA300HOU_RS07790,,,USA300HOU_RS10875,,,,,USA300HOU_RS11555,,,,,,USA300HOU_RS10555,,,,USA300HOU_RS11630,,USA300HOU_RS14675,,,
27,,USA300HOU_RS12415,USA300HOU_RS06330,USA300HOU_RS03290,,USA300HOU_RS10275,,,USA300HOU_RS10095,,,USA300HOU_RS03900,,,,,,,USA300HOU_RS11465,,,USA300HOU_RS11610,,,,,,,,,,,,,,,,,,,,,USA300HOU_RS15785,USA300HOU_RS07235,,,,,,,,,,,,,,,,,,,USA300HOU_RS00270,USA300HOU_RS12660,USA300HOU_RS11955,,,,USA300HOU_RS04655,,,,,USA300HOU_RS04750,USA300HOU_RS06725,,,,,,,,,,USA300HOU_RS12110,USA300HOU_RS10280,USA300HOU_RS03520,,,,,USA300HOU_RS10785,USA300HOU_RS14875,,,,,,,,,,,,,,,,,,,USA300HOU_RS06600,USA300HOU_RS02140,USA300HOU_RS05130,,,,,,,,,,,USA300HOU_RS07795,,,USA300HOU_RS13085,,,,,USA300HOU_RS12845,,,,,,USA300HOU_RS11790,,,,USA300HOU_RS11670,,USA300HOU_RS14695,,,
28,,USA300HOU_RS12885,USA300HOU_RS06485,USA300HOU_RS03295,,USA300HOU_RS10280,,,USA300HOU_RS10450,,,USA300HOU_RS03920,,,,,,,USA300HOU_RS12505,,,USA300HOU_RS13555,,,,,,,,,,,,,,,,,,,,,USA300HOU_RS09675,USA300HOU_RS07795,,,,,,,,,,,,,,,,,,,USA300HOU_RS00275,,USA300HOU_RS12445,,,,USA300HOU_RS04660,,,,,USA300HOU_RS04760,USA300HOU_RS07135,,,,,,,,,,USA300HOU_RS12115,USA300HOU_RS10555,USA300HOU_RS03575,,,,,USA300HOU_RS10790,USA300HOU_RS14880,,,,,,,,,,,,,,,,,,,USA300HOU_RS06605,USA300HOU_RS02160,USA300HOU_RS05135,,,,,,,,,,,USA300HOU_RS07800,,,USA300HOU_RS13095,,,,,USA300HOU_RS12900,,,,,,USA300HOU_RS12665,,,,USA300HOU_RS12875,,,,,
29,,USA300HOU_RS13110,USA300HOU_RS06605,USA300HOU_RS03300,,USA300HOU_RS10885,,,USA300HOU_RS11255,,,USA300HOU_RS04060,,,,,,,USA300HOU_RS12570,,,,,,,,,,,,,,,,,,,,,,,,USA300HOU_RS10180,USA300HOU_RS07805,,,,,,,,,,,,,,,,,,,USA300HOU_RS00285,,USA300HOU_RS12600,,,,USA300HOU_RS04740,,,,,USA300HOU_RS05095,USA300HOU_RS07225,,,,,,,,,,USA300HOU_RS12120,USA300HOU_RS10590,USA300HOU_RS03585,,,,,USA300HOU_RS10795,USA300HOU_RS14885,,,,,,,,,,,,,,,,,,,USA300HOU_RS07215,USA300HOU_RS02295,USA300HOU_RS05375,,,,,,,,,,,USA300HOU_RS07805,,,USA300HOU_RS13100,,,,,USA300HOU_RS12990,,,,,,USA300HOU_RS12670,,,,USA300HOU_RS13600,,,,,
30,,USA300HOU_RS13365,USA300HOU_RS06915,USA300HOU_RS03305,,USA300HOU_RS10890,,,USA300HOU_RS11445,,,USA300HOU_RS04150,,,,,,,USA300HOU_RS12745,,,,,,,,,,,,,,,,,,,,,,,,USA300HOU_RS10915,USA300HOU_RS07905,,,,,,,,,,,,,,,,,,,USA300HOU_RS00290,,USA300HOU_RS12885,,,,USA300HOU_RS05100,,,,,USA300HOU_RS05740,USA300HOU_RS07505,,,,,,,,,,USA300HOU_RS12125,USA300HOU_RS10595,USA300HOU_RS03610,,,,,USA300HOU_RS10800,,,,,,,,,,,,,,,,,,,,USA300HOU_RS07220,USA300HOU_RS02330,USA300HOU_RS05775,,,,,,,,,,,USA300HOU_RS07840,,,USA300HOU_RS13105,,,,,USA300HOU_RS12995,,,,,,USA300HOU_RS12675,,,,USA300HOU_RS13865,,,,,
31,,USA300HOU_RS13445,USA300HOU_RS07625,USA300HOU_RS03310,,USA300HOU_RS11775,,,USA300HOU_RS11595,,,USA300HOU_RS04170,,,,,,,USA300HOU_RS13175,,,,,,,,,,,,,,,,,,,,,,,,USA300HOU_RS11335,USA300HOU_RS07915,,,,,,,,,,,,,,,,,,,USA300HOU_RS14935,,USA300HOU_RS13305,,,,USA300HOU_RS05175,,,,,USA300HOU_RS05860,USA300HOU_RS08085,,,,,,,,,,USA300HOU_RS12130,USA300HOU_RS15475,USA300HOU_RS04100,,,,,USA300HOU_RS15910,,,,,,,,,,,,,,,,,,,,USA300HOU_RS07340,USA300HOU_RS02455,USA300HOU_RS06745,,,,,,,,,,,USA300HOU_RS07850,,,USA300HOU_RS13555,,,,,USA300HOU_RS13450,,,,,,USA300HOU_RS14020,,,,,,,,,
32,,USA300HOU_RS13465,USA300HOU_RS08180,USA300HOU_RS03315,,USA300HOU_RS11780,,,USA300HOU_RS12270,,,USA300HOU_RS04270,,,,,,,USA300HOU_RS13180,,,,,,,,,,,,,,,,,,,,,,,,USA300HOU_RS12015,USA300HOU_RS15895,,,,,,,,,,,,,,,,,,,USA300HOU_RS00300,,USA300HOU_RS13310,,,,USA300HOU_RS05725,,,,,USA300HOU_RS06540,USA300HOU_RS08180,,,,,,,,,,USA300HOU_RS12135,USA300HOU_RS15815,USA300HOU_RS04310,,,,,USA300HOU_RS10810,,,,,,,,,,,,,,,,,,,,USA300HOU_RS15325,USA300HOU_RS02490,USA300HOU_RS06960,,,,,,,,,,,USA300HOU_RS07860,,,,,,,,USA300HOU_RS13830,,,,,,USA300HOU_RS14025,,,,,,,,,
33,,USA300HOU_RS13595,USA300HOU_RS08295,USA300HOU_RS03320,,USA300HOU_RS11785,,,USA300HOU_RS13165,,,USA300HOU_RS04300,,,,,,,USA300HOU_RS13585,,,,,,,,,,,,,,,,,,,,,,,,USA300HOU_RS12085,USA300HOU_RS07925,,,,,,,,,,,,,,,,,,,USA300HOU_RS00305,,USA300HOU_RS13395,,,,USA300HOU_RS05915,,,,,USA300HOU_RS06545,USA300HOU_RS08530,,,,,,,,,,USA300HOU_RS12140,USA300HOU_RS11605,USA300HOU_RS04570,,,,,USA300HOU_RS10815,,,,,,,,,,,,,,,,,,,,USA300HOU_RS07970,USA300HOU_RS02520,USA300HOU_RS06965,,,,,,,,,,,USA300HOU_RS07865,,,,,,,,USA300HOU_RS14195,,,,,,USA300HOU_RS14030,,,,,,,,,
34,,USA300HOU_RS14045,USA300HOU_RS08530,USA300HOU_RS03325,,USA300HOU_RS11795,,,USA300HOU_RS13670,,,USA300HOU_RS04305,,,,,,,USA300HOU_RS13590,,,,,,,,,,,,,,,,,,,,,,,,USA300HOU_RS12155,USA300HOU_RS07950,,,,,,,,,,,,,,,,,,,USA300HOU_RS00310,,USA300HOU_RS13400,,,,USA300HOU_RS05995,,,,,USA300HOU_RS06725,USA300HOU_RS15345,,,,,,,,,,USA300HOU_RS12145,USA300HOU_RS11675,USA300HOU_RS04615,,,,,USA300HOU_RS10820,,,,,,,,,,,,,,,,,,,,USA300HOU_RS09325,USA300HOU_RS02600,USA300HOU_RS06970,,,,,,,,,,,USA300HOU_RS07870,,,,,,,,USA300HOU_RS14200,,,,,,USA300HOU_RS14240,,,,,,,,,
35,,USA300HOU_RS14075,USA300HOU_RS15345,USA300HOU_RS03330,,USA300HOU_RS11800,,,USA300HOU_RS13790,,,USA300HOU_RS04330,,,,,,,USA300HOU_RS14220,,,,,,,,,,,,,,,,,,,,,,,,USA300HOU_RS15835,USA300HOU_RS09150,,,,,,,,,,,,,,,,,,,USA300HOU_RS00315,,USA300HOU_RS13410,,,,USA300HOU_RS06930,,,,,USA300HOU_RS06740,USA300HOU_RS09595,,,,,,,,,,USA300HOU_RS12150,USA300HOU_RS15500,USA300HOU_RS04715,,,,,USA300HOU_RS10825,,,,,,,,,,,,,,,,,,,,USA300HOU_RS09705,USA300HOU_RS02615,USA300HOU_RS06975,,,,,,,,,,,USA300HOU_RS07875,,,,,,,,USA300HOU_RS14685,,,,,,,,,,,,,,,
36,,USA300HOU_RS14175,USA300HOU_RS08920,USA300HOU_RS03335,,USA300HOU_RS11805,,,USA300HOU_RS13885,,,USA300HOU_RS04350,,,,,,,USA300HOU_RS14590,,,,,,,,,,,,,,,,,,,,,,,,USA300HOU_RS15590,USA300HOU_RS09380,,,,,,,,,,,,,,,,,,,USA300HOU_RS00320,,USA300HOU_RS13595,,,,USA300HOU_RS07150,,,,,USA300HOU_RS07210,USA300HOU_RS09600,,,,,,,,,,USA300HOU_RS12155,USA300HOU_RS12765,USA300HOU_RS04885,,,,,,,,,,,,,,,,,,,,,,,,,USA300HOU_RS10365,USA300HOU_RS02645,USA300HOU_RS06980,,,,,,,,,,,USA300HOU_RS07880,,,,,,,,USA300HOU_RS14690,,,,,,,,,,,,,,,
37,,USA300HOU_RS14680,USA300HOU_RS09275,USA300HOU_RS03340,,USA300HOU_RS12365,,,USA300HOU_RS14150,,,USA300HOU_RS04395,,,,,,,USA300HOU_RS14595,,,,,,,,,,,,,,,,,,,,,,,,USA300HOU_RS14165,USA300HOU_RS09435,,,,,,,,,,,,,,,,,,,USA300HOU_RS00325,,USA300HOU_RS13830,,,,USA300HOU_RS07335,,,,,USA300HOU_RS07505,USA300HOU_RS10450,,,,,,,,,,USA300HOU_RS12160,USA300HOU_RS15570,USA300HOU_RS05165,,,,,,,,,,,,,,,,,,,,,,,,,USA300HOU_RS11650,USA300HOU_RS02755,USA300HOU_RS06985,,,,,,,,,,,USA300HOU_RS07885,,,,,,,,USA300HOU_RS14695,,,,,,,,,,,,,,,
38,,,USA300HOU_RS09435,USA300HOU_RS03345,,USA300HOU_RS12830,,,USA300HOU_RS14475,,,USA300HOU_RS04550,,,,,,,,,,,,,,,,,,,,,,,,,,,,,,,USA300HOU_RS14270,USA300HOU_RS09595,,,,,,,,,,,,,,,,,,,USA300HOU_RS00330,,USA300HOU_RS13900,,,,USA300HOU_RS07430,,,,,USA300HOU_RS07510,USA300HOU_RS10480,,,,,,,,,,USA300HOU_RS12165,USA300HOU_RS13715,USA300HOU_RS05230,,,,,,,,,,,,,,,,,,,,,,,,,USA300HOU_RS12265,USA300HOU_RS03100,USA300HOU_RS06990,,,,,,,,,,,USA300HOU_RS07890,,,,,,,,,,,,,,,,,,,,,,,
39,,,USA300HOU_RS09440,USA300HOU_RS03350,,USA300HOU_RS12835,,,USA300HOU_RS14680,,,USA300HOU_RS04555,,,,,,,,,,,,,,,,,,,,,,,,,,,,,,,USA300HOU_RS14675,USA300HOU_RS09725,,,,,,,,,,,,,,,,,,,USA300HOU_RS00335,,USA300HOU_RS13905,,,,USA300HOU_RS07610,,,,,USA300HOU_RS08055,USA300HOU_RS10490,,,,,,,,,,USA300HOU_RS12170,USA300HOU_RS14190,USA300HOU_RS05405,,,,,,,,,,,,,,,,,,,,,,,,,USA300HOU_RS12380,USA300HOU_RS15100,USA300HOU_RS07135,,,,,,,,,,,USA300HOU_RS07900,,,,,,,,,,,,,,,,,,,,,,,
40,,,USA300HOU_RS09460,USA300HOU_RS03355,,USA300HOU_RS13155,,,USA300HOU_RS14725,,,USA300HOU_RS04560,,,,,,,,,,,,,,,,,,,,,,,,,,,,,,,,USA300HOU_RS15390,,,,,,,,,,,,,,,,,,,USA300HOU_RS14940,,USA300HOU_RS13910,,,,USA300HOU_RS08045,,,,,USA300HOU_RS08060,USA300HOU_RS10505,,,,,,,,,,USA300HOU_RS12175,USA300HOU_RS14590,USA300HOU_RS05410,,,,,,,,,,,,,,,,,,,,,,,,,USA300HOU_RS12385,USA300HOU_RS03170,USA300HOU_RS09140,,,,,,,,,,,USA300HOU_RS07915,,,,,,,,,,,,,,,,,,,,,,,
41,,,USA300HOU_RS10370,USA300HOU_RS03610,,USA300HOU_RS13375,,,,,,USA300HOU_RS15220,,,,,,,,,,,,,,,,,,,,,,,,,,,,,,,,USA300HOU_RS15795,,,,,,,,,,,,,,,,,,,USA300HOU_RS14945,,USA300HOU_RS13915,,,,USA300HOU_RS08080,,,,,USA300HOU_RS08065,USA300HOU_RS10545,,,,,,,,,,USA300HOU_RS12180,,USA300HOU_RS05475,,,,,,,,,,,,,,,,,,,,,,,,,USA300HOU_RS12390,USA300HOU_RS03180,USA300HOU_RS09145,,,,,,,,,,,USA300HOU_RS07950,,,,,,,,,,,,,,,,,,,,,,,
42,,,USA300HOU_RS10450,USA300HOU_RS03695,,USA300HOU_RS13845,,,,,,USA300HOU_RS05370,,,,,,,,,,,,,,,,,,,,,,,,,,,,,,,,USA300HOU_RS10795,,,,,,,,,,,,,,,,,,,USA300HOU_RS00350,,USA300HOU_RS13920,,,,USA300HOU_RS08640,,,,,USA300HOU_RS08940,USA300HOU_RS10815,,,,,,,,,,,,USA300HOU_RS05575,,,,,,,,,,,,,,,,,,,,,,,,,USA300HOU_RS12395,USA300HOU_RS03185,USA300HOU_RS09220,,,,,,,,,,,USA300HOU_RS07955,,,,,,,,,,,,,,,,,,,,,,,
43,,,USA300HOU_RS10490,USA300HOU_RS03855,,USA300HOU_RS14125,,,,,,USA300HOU_RS05390,,,,,,,,,,,,,,,,,,,,,,,,,,,,,,,,USA300HOU_RS15910,,,,,,,,,,,,,,,,,,,USA300HOU_RS00355,,USA300HOU_RS13995,,,,USA300HOU_RS09080,,,,,USA300HOU_RS09065,USA300HOU_RS10855,,,,,,,,,,,,USA300HOU_RS05645,,,,,,,,,,,,,,,,,,,,,,,,,USA300HOU_RS12400,USA300HOU_RS03200,USA300HOU_RS15425,,,,,,,,,,,USA300HOU_RS07960,,,,,,,,,,,,,,,,,,,,,,,
44,,,USA300HOU_RS10535,USA300HOU_RS03860,,,,,,,,USA300HOU_RS05500,,,,,,,,,,,,,,,,,,,,,,,,,,,,,,,,USA300HOU_RS10825,,,,,,,,,,,,,,,,,,,USA300HOU_RS00360,,USA300HOU_RS14000,,,,USA300HOU_RS09085,,,,,USA300HOU_RS09200,USA300HOU_RS10980,,,,,,,,,,,,USA300HOU_RS05850,,,,,,,,,,,,,,,,,,,,,,,,,USA300HOU_RS12405,USA300HOU_RS03370,USA300HOU_RS11000,,,,,,,,,,,USA300HOU_RS10590,,,,,,,,,,,,,,,,,,,,,,,
45,,,USA300HOU_RS10935,USA300HOU_RS04290,,,,,,,,USA300HOU_RS06405,,,,,,,,,,,,,,,,,,,,,,,,,,,,,,,,USA300HOU_RS11055,,,,,,,,,,,,,,,,,,,USA300HOU_RS00365,,USA300HOU_RS14035,,,,USA300HOU_RS09135,,,,,USA300HOU_RS09205,USA300HOU_RS11740,,,,,,,,,,,,USA300HOU_RS05885,,,,,,,,,,,,,,,,,,,,,,,,,USA300HOU_RS12430,USA300HOU_RS03410,USA300HOU_RS11060,,,,,,,,,,,USA300HOU_RS10595,,,,,,,,,,,,,,,,,,,,,,,
46,,,USA300HOU_RS10955,USA300HOU_RS04420,,,,,,,,USA300HOU_RS06695,,,,,,,,,,,,,,,,,,,,,,,,,,,,,,,,USA300HOU_RS11205,,,,,,,,,,,,,,,,,,,USA300HOU_RS00370,,USA300HOU_RS14615,,,,USA300HOU_RS09455,,,,,USA300HOU_RS09210,USA300HOU_RS11790,,,,,,,,,,,,USA300HOU_RS06055,,,,,,,,,,,,,,,,,,,,,,,,,USA300HOU_RS12435,USA300HOU_RS03495,USA300HOU_RS12565,,,,,,,,,,,USA300HOU_RS10705,,,,,,,,,,,,,,,,,,,,,,,
47,,,USA300HOU_RS11345,USA300HOU_RS04425,,,,,,,,USA300HOU_RS07220,,,,,,,,,,,,,,,,,,,,,,,,,,,,,,,,USA300HOU_RS11630,,,,,,,,,,,,,,,,,,,USA300HOU_RS00375,,,,,,USA300HOU_RS10105,,,,,USA300HOU_RS09380,USA300HOU_RS11915,,,,,,,,,,,,USA300HOU_RS06105,,,,,,,,,,,,,,,,,,,,,,,,,USA300HOU_RS12675,USA300HOU_RS03520,USA300HOU_RS13800,,,,,,,,,,,USA300HOU_RS10980,,,,,,,,,,,,,,,,,,,,,,,
48,,,USA300HOU_RS11590,USA300HOU_RS04430,,,,,,,,USA300HOU_RS07295,,,,,,,,,,,,,,,,,,,,,,,,,,,,,,,,USA300HOU_RS12270,,,,,,,,,,,,,,,,,,,USA300HOU_RS00380,,,,,,USA300HOU_RS11175,,,,,USA300HOU_RS09500,USA300HOU_RS11980,,,,,,,,,,,,USA300HOU_RS06255,,,,,,,,,,,,,,,,,,,,,,,,,USA300HOU_RS13165,USA300HOU_RS03585,USA300HOU_RS15925,,,,,,,,,,,USA300HOU_RS12635,,,,,,,,,,,,,,,,,,,,,,,
49,,,USA300HOU_RS12185,USA300HOU_RS04435,,,,,,,,USA300HOU_RS08085,,,,,,,,,,,,,,,,,,,,,,,,,,,,,,,,USA300HOU_RS13715,,,,,,,,,,,,,,,,,,,USA300HOU_RS00385,,,,,,USA300HOU_RS11855,,,,,USA300HOU_RS09540,USA300HOU_RS12490,,,,,,,,,,,,USA300HOU_RS06770,,,,,,,,,,,,,,,,,,,,,,,,,USA300HOU_RS13205,USA300HOU_RS03665,USA300HOU_RS13810,,,,,,,,,,,USA300HOU_RS14165,,,,,,,,,,,,,,,,,,,,,,,
50,,,USA300HOU_RS12245,USA300HOU_RS04440,,,,,,,,USA300HOU_RS09235,,,,,,,,,,,,,,,,,,,,,,,,,,,,,,,,USA300HOU_RS14790,,,,,,,,,,,,,,,,,,,USA300HOU_RS00390,,,,,,USA300HOU_RS11860,,,,,USA300HOU_RS09665,USA300HOU_RS12530,,,,,,,,,,,,USA300HOU_RS06810,,,,,,,,,,,,,,,,,,,,,,,,,USA300HOU_RS13445,USA300HOU_RS03725,USA300HOU_RS13945,,,,,,,,,,,,,,,,,,,,,,,,,,,,,,,,,,
51,,,USA300HOU_RS12415,USA300HOU_RS04465,,,,,,,,USA300HOU_RS09240,,,,,,,,,,,,,,,,,,,,,,,,,,,,,,,,,,,,,,,,,,,,,,,,,,,USA300HOU_RS00395,,,,,,USA300HOU_RS12185,,,,,USA300HOU_RS10330,USA300HOU_RS12995,,,,,,,,,,,,USA300HOU_RS06825,,,,,,,,,,,,,,,,,,,,,,,,,USA300HOU_RS13685,USA300HOU_RS03840,USA300HOU_RS15590,,,,,,,,,,,,,,,,,,,,,,,,,,,,,,,,,,
52,,,USA300HOU_RS12445,USA300HOU_RS04470,,,,,,,,USA300HOU_RS09305,,,,,,,,,,,,,,,,,,,,,,,,,,,,,,,,,,,,,,,,,,,,,,,,,,,USA300HOU_RS09230,,,,,,USA300HOU_RS12345,,,,,USA300HOU_RS10410,USA300HOU_RS13395,,,,,,,,,,,,USA300HOU_RS07150,,,,,,,,,,,,,,,,,,,,,,,,,USA300HOU_RS13695,USA300HOU_RS03980,USA300HOU_RS14110,,,,,,,,,,,,,,,,,,,,,,,,,,,,,,,,,,
53,,,USA300HOU_RS12795,USA300HOU_RS04475,,,,,,,,USA300HOU_RS09405,,,,,,,,,,,,,,,,,,,,,,,,,,,,,,,,,,,,,,,,,,,,,,,,,,,USA300HOU_RS12430,,,,,,USA300HOU_RS12645,,,,,USA300HOU_RS10995,USA300HOU_RS13515,,,,,,,,,,,,USA300HOU_RS07180,,,,,,,,,,,,,,,,,,,,,,,,,USA300HOU_RS14460,USA300HOU_RS04100,USA300HOU_RS14115,,,,,,,,,,,,,,,,,,,,,,,,,,,,,,,,,,
54,,,USA300HOU_RS13395,USA300HOU_RS04480,,,,,,,,USA300HOU_RS15380,,,,,,,,,,,,,,,,,,,,,,,,,,,,,,,,,,,,,,,,,,,,,,,,,,,USA300HOU_RS12435,,,,,,USA300HOU_RS12835,,,,,USA300HOU_RS11045,USA300HOU_RS13535,,,,,,,,,,,,USA300HOU_RS07240,,,,,,,,,,,,,,,,,,,,,,,,,USA300HOU_RS14465,USA300HOU_RS04195,USA300HOU_RS14120,,,,,,,,,,,,,,,,,,,,,,,,,,,,,,,,,,
55,,,USA300HOU_RS14135,USA300HOU_RS04485,,,,,,,,USA300HOU_RS09675,,,,,,,,,,,,,,,,,,,,,,,,,,,,,,,,,,,,,,,,,,,,,,,,,,,USA300HOU_RS14765,,,,,,USA300HOU_RS12985,,,,,USA300HOU_RS11630,USA300HOU_RS15925,,,,,,,,,,,,USA300HOU_RS07245,,,,,,,,,,,,,,,,,,,,,,,,,USA300HOU_RS14470,USA300HOU_RS04210,USA300HOU_RS14230,,,,,,,,,,,,,,,,,,,,,,,,,,,,,,,,,,
56,,,USA300HOU_RS14475,USA300HOU_RS04490,,,,,,,,USA300HOU_RS09680,,,,,,,,,,,,,,,,,,,,,,,,,,,,,,,,,,,,,,,,,,,,,,,,,,,USA300HOU_RS14820,,,,,,USA300HOU_RS13195,,,,,USA300HOU_RS11670,USA300HOU_RS13860,,,,,,,,,,,,USA300HOU_RS07385,,,,,,,,,,,,,,,,,,,,,,,,,USA300HOU_RS14555,USA300HOU_RS04225,USA300HOU_RS14235,,,,,,,,,,,,,,,,,,,,,,,,,,,,,,,,,,
57,,,,USA300HOU_RS15195,,,,,,,,USA300HOU_RS09685,,,,,,,,,,,,,,,,,,,,,,,,,,,,,,,,,,,,,,,,,,,,,,,,,,,USA300HOU_RS14855,,,,,,USA300HOU_RS13235,,,,,USA300HOU_RS11765,USA300HOU_RS14120,,,,,,,,,,,,USA300HOU_RS07460,,,,,,,,,,,,,,,,,,,,,,,,,,USA300HOU_RS04240,USA300HOU_RS14525,,,,,,,,,,,,,,,,,,,,,,,,,,,,,,,,,,
58,,,,USA300HOU_RS04495,,,,,,,,USA300HOU_RS15390,,,,,,,,,,,,,,,,,,,,,,,,,,,,,,,,,,,,,,,,,,,,,,,,,,,,,,,,,USA300HOU_RS13435,,,,,USA300HOU_RS12615,USA300HOU_RS14135,,,,,,,,,,,,USA300HOU_RS07600,,,,,,,,,,,,,,,,,,,,,,,,,,USA300HOU_RS04245,USA300HOU_RS14540,,,,,,,,,,,,,,,,,,,,,,,,,,,,,,,,,,
59,,,,USA300HOU_RS04500,,,,,,,,USA300HOU_RS09825,,,,,,,,,,,,,,,,,,,,,,,,,,,,,,,,,,,,,,,,,,,,,,,,,,,,,,,,,USA300HOU_RS13640,,,,,USA300HOU_RS12620,,,,,,,,,,,,,USA300HOU_RS08065,,,,,,,,,,,,,,,,,,,,,,,,,,USA300HOU_RS04260,USA300HOU_RS14545,,,,,,,,,,,,,,,,,,,,,,,,,,,,,,,,,,
60,,,,USA300HOU_RS04850,,,,,,,,USA300HOU_RS09905,,,,,,,,,,,,,,,,,,,,,,,,,,,,,,,,,,,,,,,,,,,,,,,,,,,,,,,,,USA300HOU_RS13680,,,,,USA300HOU_RS12875,,,,,,,,,,,,,USA300HOU_RS08135,,,,,,,,,,,,,,,,,,,,,,,,,,USA300HOU_RS04295,USA300HOU_RS14550,,,,,,,,,,,,,,,,,,,,,,,,,,,,,,,,,,
61,,,,USA300HOU_RS05825,,,,,,,,USA300HOU_RS09910,,,,,,,,,,,,,,,,,,,,,,,,,,,,,,,,,,,,,,,,,,,,,,,,,,,,,,,,,USA300HOU_RS13755,,,,,USA300HOU_RS13095,,,,,,,,,,,,,USA300HOU_RS08265,,,,,,,,,,,,,,,,,,,,,,,,,,USA300HOU_RS04315,USA300HOU_RS14555,,,,,,,,,,,,,,,,,,,,,,,,,,,,,,,,,,
62,,,,USA300HOU_RS06645,,,,,,,,USA300HOU_RS10175,,,,,,,,,,,,,,,,,,,,,,,,,,,,,,,,,,,,,,,,,,,,,,,,,,,,,,,,,USA300HOU_RS13760,,,,,USA300HOU_RS13205,,,,,,,,,,,,,USA300HOU_RS08305,,,,,,,,,,,,,,,,,,,,,,,,,,USA300HOU_RS04370,USA300HOU_RS14560,,,,,,,,,,,,,,,,,,,,,,,,,,,,,,,,,,
63,,,,USA300HOU_RS06840,,,,,,,,USA300HOU_RS10205,,,,,,,,,,,,,,,,,,,,,,,,,,,,,,,,,,,,,,,,,,,,,,,,,,,,,,,,,USA300HOU_RS14625,,,,,USA300HOU_RS13570,,,,,,,,,,,,,USA300HOU_RS08410,,,,,,,,,,,,,,,,,,,,,,,,,,USA300HOU_RS04515,USA300HOU_RS14565,,,,,,,,,,,,,,,,,,,,,,,,,,,,,,,,,,
64,,,,USA300HOU_RS06915,,,,,,,,USA300HOU_RS10215,,,,,,,,,,,,,,,,,,,,,,,,,,,,,,,,,,,,,,,,,,,,,,,,,,,,,,,,,USA300HOU_RS14640,,,,,USA300HOU_RS13575,,,,,,,,,,,,,USA300HOU_RS08455,,,,,,,,,,,,,,,,,,,,,,,,,,USA300HOU_RS04530,USA300HOU_RS14570,,,,,,,,,,,,,,,,,,,,,,,,,,,,,,,,,,
65,,,,USA300HOU_RS07645,,,,,,,,USA300HOU_RS10415,,,,,,,,,,,,,,,,,,,,,,,,,,,,,,,,,,,,,,,,,,,,,,,,,,,,,,,,,,,,,,USA300HOU_RS13580,,,,,,,,,,,,,USA300HOU_RS08515,,,,,,,,,,,,,,,,,,,,,,,,,,USA300HOU_RS04665,USA300HOU_RS14575,,,,,,,,,,,,,,,,,,,,,,,,,,,,,,,,,,
66,,,,USA300HOU_RS07650,,,,,,,,USA300HOU_RS10880,,,,,,,,,,,,,,,,,,,,,,,,,,,,,,,,,,,,,,,,,,,,,,,,,,,,,,,,,,,,,,USA300HOU_RS13605,,,,,,,,,,,,,USA300HOU_RS08645,,,,,,,,,,,,,,,,,,,,,,,,,,USA300HOU_RS04690,USA300HOU_RS14580,,,,,,,,,,,,,,,,,,,,,,,,,,,,,,,,,,
67,,,,USA300HOU_RS07780,,,,,,,,USA300HOU_RS11150,,,,,,,,,,,,,,,,,,,,,,,,,,,,,,,,,,,,,,,,,,,,,,,,,,,,,,,,,,,,,,USA300HOU_RS13640,,,,,,,,,,,,,USA300HOU_RS08715,,,,,,,,,,,,,,,,,,,,,,,,,,USA300HOU_RS04695,,,,,,,,,,,,,,,,,,,,,,,,,,,,,,,,,,,
68,,,,USA300HOU_RS07785,,,,,,,,USA300HOU_RS11155,,,,,,,,,,,,,,,,,,,,,,,,,,,,,,,,,,,,,,,,,,,,,,,,,,,,,,,,,,,,,,USA300HOU_RS13860,,,,,,,,,,,,,USA300HOU_RS08785,,,,,,,,,,,,,,,,,,,,,,,,,,USA300HOU_RS04700,,,,,,,,,,,,,,,,,,,,,,,,,,,,,,,,,,,
69,,,,USA300HOU_RS07790,,,,,,,,USA300HOU_RS11255,,,,,,,,,,,,,,,,,,,,,,,,,,,,,,,,,,,,,,,,,,,,,,,,,,,,,,,,,,,,,,USA300HOU_RS13865,,,,,,,,,,,,,USA300HOU_RS08900,,,,,,,,,,,,,,,,,,,,,,,,,,USA300HOU_RS04725,,,,,,,,,,,,,,,,,,,,,,,,,,,,,,,,,,,
70,,,,USA300HOU_RS07805,,,,,,,,USA300HOU_RS11340,,,,,,,,,,,,,,,,,,,,,,,,,,,,,,,,,,,,,,,,,,,,,,,,,,,,,,,,,,,,,,USA300HOU_RS14350,,,,,,,,,,,,,USA300HOU_RS09105,,,,,,,,,,,,,,,,,,,,,,,,,,USA300HOU_RS04790,,,,,,,,,,,,,,,,,,,,,,,,,,,,,,,,,,,
71,,,,USA300HOU_RS07825,,,,,,,,USA300HOU_RS11345,,,,,,,,,,,,,,,,,,,,,,,,,,,,,,,,,,,,,,,,,,,,,,,,,,,,,,,,,,,,,,USA300HOU_RS14500,,,,,,,,,,,,,USA300HOU_RS09310,,,,,,,,,,,,,,,,,,,,,,,,,,USA300HOU_RS04920,,,,,,,,,,,,,,,,,,,,,,,,,,,,,,,,,,,
72,,,,USA300HOU_RS07890,,,,,,,,USA300HOU_RS11455,,,,,,,,,,,,,,,,,,,,,,,,,,,,,,,,,,,,,,,,,,,,,,,,,,,,,,,,,,,,,,USA300HOU_RS14590,,,,,,,,,,,,,USA300HOU_RS09410,,,,,,,,,,,,,,,,,,,,,,,,,,USA300HOU_RS04955,,,,,,,,,,,,,,,,,,,,,,,,,,,,,,,,,,,
73,,,,USA300HOU_RS07900,,,,,,,,USA300HOU_RS11555,,,,,,,,,,,,,,,,,,,,,,,,,,,,,,,,,,,,,,,,,,,,,,,,,,,,,,,,,,,,,,,,,,,,,,,,,,,USA300HOU_RS09420,,,,,,,,,,,,,,,,,,,,,,,,,,USA300HOU_RS04980,,,,,,,,,,,,,,,,,,,,,,,,,,,,,,,,,,,
74,,,,USA300HOU_RS07915,,,,,,,,USA300HOU_RS11800,,,,,,,,,,,,,,,,,,,,,,,,,,,,,,,,,,,,,,,,,,,,,,,,,,,,,,,,,,,,,,,,,,,,,,,,,,,USA300HOU_RS09545,,,,,,,,,,,,,,,,,,,,,,,,,,USA300HOU_RS05095,,,,,,,,,,,,,,,,,,,,,,,,,,,,,,,,,,,
75,,,,USA300HOU_RS07920,,,,,,,,USA300HOU_RS12445,,,,,,,,,,,,,,,,,,,,,,,,,,,,,,,,,,,,,,,,,,,,,,,,,,,,,,,,,,,,,,,,,,,,,,,,,,,USA300HOU_RS10160,,,,,,,,,,,,,,,,,,,,,,,,,,USA300HOU_RS05105,,,,,,,,,,,,,,,,,,,,,,,,,,,,,,,,,,,
76,,,,USA300HOU_RS07930,,,,,,,,USA300HOU_RS12455,,,,,,,,,,,,,,,,,,,,,,,,,,,,,,,,,,,,,,,,,,,,,,,,,,,,,,,,,,,,,,,,,,,,,,,,,,,USA300HOU_RS10165,,,,,,,,,,,,,,,,,,,,,,,,,,USA300HOU_RS05120,,,,,,,,,,,,,,,,,,,,,,,,,,,,,,,,,,,
77,,,,USA300HOU_RS07935,,,,,,,,USA300HOU_RS12510,,,,,,,,,,,,,,,,,,,,,,,,,,,,,,,,,,,,,,,,,,,,,,,,,,,,,,,,,,,,,,,,,,,,,,,,,,,USA300HOU_RS10375,,,,,,,,,,,,,,,,,,,,,,,,,,USA300HOU_RS05270,,,,,,,,,,,,,,,,,,,,,,,,,,,,,,,,,,,
78,,,,USA300HOU_RS07940,,,,,,,,USA300HOU_RS12630,,,,,,,,,,,,,,,,,,,,,,,,,,,,,,,,,,,,,,,,,,,,,,,,,,,,,,,,,,,,,,,,,,,,,,,,,,,USA300HOU_RS10575,,,,,,,,,,,,,,,,,,,,,,,,,,USA300HOU_RS05300,,,,,,,,,,,,,,,,,,,,,,,,,,,,,,,,,,,
79,,,,USA300HOU_RS07945,,,,,,,,USA300HOU_RS12815,,,,,,,,,,,,,,,,,,,,,,,,,,,,,,,,,,,,,,,,,,,,,,,,,,,,,,,,,,,,,,,,,,,,,,,,,,,USA300HOU_RS10965,,,,,,,,,,,,,,,,,,,,,,,,,,USA300HOU_RS05370,,,,,,,,,,,,,,,,,,,,,,,,,,,,,,,,,,,
80,,,,USA300HOU_RS07950,,,,,,,,USA300HOU_RS12885,,,,,,,,,,,,,,,,,,,,,,,,,,,,,,,,,,,,,,,,,,,,,,,,,,,,,,,,,,,,,,,,,,,,,,,,,,,USA300HOU_RS10980,,,,,,,,,,,,,,,,,,,,,,,,,,USA300HOU_RS05400,,,,,,,,,,,,,,,,,,,,,,,,,,,,,,,,,,,
81,,,,USA300HOU_RS07955,,,,,,,,USA300HOU_RS13170,,,,,,,,,,,,,,,,,,,,,,,,,,,,,,,,,,,,,,,,,,,,,,,,,,,,,,,,,,,,,,,,,,,,,,,,,,,USA300HOU_RS11075,,,,,,,,,,,,,,,,,,,,,,,,,,USA300HOU_RS05575,,,,,,,,,,,,,,,,,,,,,,,,,,,,,,,,,,,
82,,,,USA300HOU_RS07960,,,,,,,,USA300HOU_RS13190,,,,,,,,,,,,,,,,,,,,,,,,,,,,,,,,,,,,,,,,,,,,,,,,,,,,,,,,,,,,,,,,,,,,,,,,,,,USA300HOU_RS11275,,,,,,,,,,,,,,,,,,,,,,,,,,USA300HOU_RS05615,,,,,,,,,,,,,,,,,,,,,,,,,,,,,,,,,,,
83,,,,USA300HOU_RS08060,,,,,,,,USA300HOU_RS13305,,,,,,,,,,,,,,,,,,,,,,,,,,,,,,,,,,,,,,,,,,,,,,,,,,,,,,,,,,,,,,,,,,,,,,,,,,,USA300HOU_RS11345,,,,,,,,,,,,,,,,,,,,,,,,,,USA300HOU_RS05660,,,,,,,,,,,,,,,,,,,,,,,,,,,,,,,,,,,
84,,,,USA300HOU_RS09190,,,,,,,,USA300HOU_RS13310,,,,,,,,,,,,,,,,,,,,,,,,,,,,,,,,,,,,,,,,,,,,,,,,,,,,,,,,,,,,,,,,,,,,,,,,,,,USA300HOU_RS11420,,,,,,,,,,,,,,,,,,,,,,,,,,USA300HOU_RS05675,,,,,,,,,,,,,,,,,,,,,,,,,,,,,,,,,,,
85,,,,USA300HOU_RS09505,,,,,,,,USA300HOU_RS13775,,,,,,,,,,,,,,,,,,,,,,,,,,,,,,,,,,,,,,,,,,,,,,,,,,,,,,,,,,,,,,,,,,,,,,,,,,,USA300HOU_RS11440,,,,,,,,,,,,,,,,,,,,,,,,,,USA300HOU_RS05705,,,,,,,,,,,,,,,,,,,,,,,,,,,,,,,,,,,
86,,,,USA300HOU_RS09705,,,,,,,,USA300HOU_RS13910,,,,,,,,,,,,,,,,,,,,,,,,,,,,,,,,,,,,,,,,,,,,,,,,,,,,,,,,,,,,,,,,,,,,,,,,,,,USA300HOU_RS11525,,,,,,,,,,,,,,,,,,,,,,,,,,USA300HOU_RS05860,,,,,,,,,,,,,,,,,,,,,,,,,,,,,,,,,,,
87,,,,USA300HOU_RS15795,,,,,,,,USA300HOU_RS13915,,,,,,,,,,,,,,,,,,,,,,,,,,,,,,,,,,,,,,,,,,,,,,,,,,,,,,,,,,,,,,,,,,,,,,,,,,,USA300HOU_RS11580,,,,,,,,,,,,,,,,,,,,,,,,,,USA300HOU_RS05875,,,,,,,,,,,,,,,,,,,,,,,,,,,,,,,,,,,
88,,,,USA300HOU_RS10600,,,,,,,,USA300HOU_RS13920,,,,,,,,,,,,,,,,,,,,,,,,,,,,,,,,,,,,,,,,,,,,,,,,,,,,,,,,,,,,,,,,,,,,,,,,,,,USA300HOU_RS12000,,,,,,,,,,,,,,,,,,,,,,,,,,USA300HOU_RS05900,,,,,,,,,,,,,,,,,,,,,,,,,,,,,,,,,,,
89,,,,USA300HOU_RS10605,,,,,,,,USA300HOU_RS14035,,,,,,,,,,,,,,,,,,,,,,,,,,,,,,,,,,,,,,,,,,,,,,,,,,,,,,,,,,,,,,,,,,,,,,,,,,,USA300HOU_RS12565,,,,,,,,,,,,,,,,,,,,,,,,,,USA300HOU_RS05970,,,,,,,,,,,,,,,,,,,,,,,,,,,,,,,,,,,
90,,,,USA300HOU_RS10610,,,,,,,,USA300HOU_RS14120,,,,,,,,,,,,,,,,,,,,,,,,,,,,,,,,,,,,,,,,,,,,,,,,,,,,,,,,,,,,,,,,,,,,,,,,,,,USA300HOU_RS13190,,,,,,,,,,,,,,,,,,,,,,,,,,USA300HOU_RS05975,,,,,,,,,,,,,,,,,,,,,,,,,,,,,,,,,,,
91,,,,USA300HOU_RS10700,,,,,,,,USA300HOU_RS14145,,,,,,,,,,,,,,,,,,,,,,,,,,,,,,,,,,,,,,,,,,,,,,,,,,,,,,,,,,,,,,,,,,,,,,,,,,,USA300HOU_RS13440,,,,,,,,,,,,,,,,,,,,,,,,,,USA300HOU_RS06080,,,,,,,,,,,,,,,,,,,,,,,,,,,,,,,,,,,
92,,,,USA300HOU_RS10710,,,,,,,,USA300HOU_RS14175,,,,,,,,,,,,,,,,,,,,,,,,,,,,,,,,,,,,,,,,,,,,,,,,,,,,,,,,,,,,,,,,,,,,,,,,,,,USA300HOU_RS13445,,,,,,,,,,,,,,,,,,,,,,,,,,USA300HOU_RS06150,,,,,,,,,,,,,,,,,,,,,,,,,,,,,,,,,,,
93,,,,USA300HOU_RS10720,,,,,,,,USA300HOU_RS14440,,,,,,,,,,,,,,,,,,,,,,,,,,,,,,,,,,,,,,,,,,,,,,,,,,,,,,,,,,,,,,,,,,,,,,,,,,,USA300HOU_RS13460,,,,,,,,,,,,,,,,,,,,,,,,,,USA300HOU_RS06230,,,,,,,,,,,,,,,,,,,,,,,,,,,,,,,,,,,
94,,,,USA300HOU_RS10790,,,,,,,,USA300HOU_RS14445,,,,,,,,,,,,,,,,,,,,,,,,,,,,,,,,,,,,,,,,,,,,,,,,,,,,,,,,,,,,,,,,,,,,,,,,,,,USA300HOU_RS13505,,,,,,,,,,,,,,,,,,,,,,,,,,USA300HOU_RS06235,,,,,,,,,,,,,,,,,,,,,,,,,,,,,,,,,,,
95,,,,USA300HOU_RS10805,,,,,,,,USA300HOU_RS14615,,,,,,,,,,,,,,,,,,,,,,,,,,,,,,,,,,,,,,,,,,,,,,,,,,,,,,,,,,,,,,,,,,,,,,,,,,,USA300HOU_RS13535,,,,,,,,,,,,,,,,,,,,,,,,,,USA300HOU_RS06325,,,,,,,,,,,,,,,,,,,,,,,,,,,,,,,,,,,
96,,,,USA300HOU_RS10810,,,,,,,,USA300HOU_RS14630,,,,,,,,,,,,,,,,,,,,,,,,,,,,,,,,,,,,,,,,,,,,,,,,,,,,,,,,,,,,,,,,,,,,,,,,,,,USA300HOU_RS13715,,,,,,,,,,,,,,,,,,,,,,,,,,USA300HOU_RS06340,,,,,,,,,,,,,,,,,,,,,,,,,,,,,,,,,,,
97,,,,USA300HOU_RS10815,,,,,,,,USA300HOU_RS14635,,,,,,,,,,,,,,,,,,,,,,,,,,,,,,,,,,,,,,,,,,,,,,,,,,,,,,,,,,,,,,,,,,,,,,,,,,,USA300HOU_RS13735,,,,,,,,,,,,,,,,,,,,,,,,,,USA300HOU_RS06375,,,,,,,,,,,,,,,,,,,,,,,,,,,,,,,,,,,
98,,,,USA300HOU_RS10850,,,,,,,,USA300HOU_RS14645,,,,,,,,,,,,,,,,,,,,,,,,,,,,,,,,,,,,,,,,,,,,,,,,,,,,,,,,,,,,,,,,,,,,,,,,,,,USA300HOU_RS13860,,,,,,,,,,,,,,,,,,,,,,,,,,USA300HOU_RS06385,,,,,,,,,,,,,,,,,,,,,,,,,,,,,,,,,,,
99,,,,USA300HOU_RS10855,,,,,,,,,,,,,,,,,,,,,,,,,,,,,,,,,,,,,,,,,,,,,,,,,,,,,,,,,,,,,,,,,,,,,,,,,,,,,,,,,,,USA300HOU_RS13955,,,,,,,,,,,,,,,,,,,,,,,,,,USA300HOU_RS06555,,,,,,,,,,,,,,,,,,,,,,,,,,,,,,,,,,,
100,,,,USA300HOU_RS11320,,,,,,,,,,,,,,,,,,,,,,,,,,,,,,,,,,,,,,,,,,,,,,,,,,,,,,,,,,,,,,,,,,,,,,,,,,,,,,,,,,,USA300HOU_RS13985,,,,,,,,,,,,,,,,,,,,,,,,,,USA300HOU_RS06595,,,,,,,,,,,,,,,,,,,,,,,,,,,,,,,,,,,
101,,,,USA300HOU_RS11550,,,,,,,,,,,,,,,,,,,,,,,,,,,,,,,,,,,,,,,,,,,,,,,,,,,,,,,,,,,,,,,,,,,,,,,,,,,,,,,,,,,USA300HOU_RS13990,,,,,,,,,,,,,,,,,,,,,,,,,,USA300HOU_RS06615,,,,,,,,,,,,,,,,,,,,,,,,,,,,,,,,,,,
102,,,,USA300HOU_RS12000,,,,,,,,,,,,,,,,,,,,,,,,,,,,,,,,,,,,,,,,,,,,,,,,,,,,,,,,,,,,,,,,,,,,,,,,,,,,,,,,,,,USA300HOU_RS14150,,,,,,,,,,,,,,,,,,,,,,,,,,USA300HOU_RS06625,,,,,,,,,,,,,,,,,,,,,,,,,,,,,,,,,,,
103,,,,USA300HOU_RS12430,,,,,,,,,,,,,,,,,,,,,,,,,,,,,,,,,,,,,,,,,,,,,,,,,,,,,,,,,,,,,,,,,,,,,,,,,,,,,,,,,,,USA300HOU_RS14485,,,,,,,,,,,,,,,,,,,,,,,,,,USA300HOU_RS06630,,,,,,,,,,,,,,,,,,,,,,,,,,,,,,,,,,,
104,,,,USA300HOU_RS12435,,,,,,,,,,,,,,,,,,,,,,,,,,,,,,,,,,,,,,,,,,,,,,,,,,,,,,,,,,,,,,,,,,,,,,,,,,,,,,,,,,,USA300HOU_RS14660,,,,,,,,,,,,,,,,,,,,,,,,,,USA300HOU_RS06655,,,,,,,,,,,,,,,,,,,,,,,,,,,,,,,,,,,
105,,,,USA300HOU_RS12570,,,,,,,,,,,,,,,,,,,,,,,,,,,,,,,,,,,,,,,,,,,,,,,,,,,,,,,,,,,,,,,,,,,,,,,,,,,,,,,,,,,USA300HOU_RS15630,,,,,,,,,,,,,,,,,,,,,,,,,,USA300HOU_RS06675,,,,,,,,,,,,,,,,,,,,,,,,,,,,,,,,,,,
106,,,,USA300HOU_RS12765,,,,,,,,,,,,,,,,,,,,,,,,,,,,,,,,,,,,,,,,,,,,,,,,,,,,,,,,,,,,,,,,,,,,,,,,,,,,,,,,,,,,,,,,,,,,,,,,,,,,,,,,,,,,,USA300HOU_RS06740,,,,,,,,,,,,,,,,,,,,,,,,,,,,,,,,,,,
107,,,,USA300HOU_RS13100,,,,,,,,,,,,,,,,,,,,,,,,,,,,,,,,,,,,,,,,,,,,,,,,,,,,,,,,,,,,,,,,,,,,,,,,,,,,,,,,,,,,,,,,,,,,,,,,,,,,,,,,,,,,,USA300HOU_RS06850,,,,,,,,,,,,,,,,,,,,,,,,,,,,,,,,,,,
108,,,,USA300HOU_RS13405,,,,,,,,,,,,,,,,,,,,,,,,,,,,,,,,,,,,,,,,,,,,,,,,,,,,,,,,,,,,,,,,,,,,,,,,,,,,,,,,,,,,,,,,,,,,,,,,,,,,,,,,,,,,,USA300HOU_RS06890,,,,,,,,,,,,,,,,,,,,,,,,,,,,,,,,,,,
109,,,,USA300HOU_RS13535,,,,,,,,,,,,,,,,,,,,,,,,,,,,,,,,,,,,,,,,,,,,,,,,,,,,,,,,,,,,,,,,,,,,,,,,,,,,,,,,,,,,,,,,,,,,,,,,,,,,,,,,,,,,,USA300HOU_RS06940,,,,,,,,,,,,,,,,,,,,,,,,,,,,,,,,,,,
110,,,,USA300HOU_RS13860,,,,,,,,,,,,,,,,,,,,,,,,,,,,,,,,,,,,,,,,,,,,,,,,,,,,,,,,,,,,,,,,,,,,,,,,,,,,,,,,,,,,,,,,,,,,,,,,,,,,,,,,,,,,,USA300HOU_RS06975,,,,,,,,,,,,,,,,,,,,,,,,,,,,,,,,,,,
111,,,,USA300HOU_RS14120,,,,,,,,,,,,,,,,,,,,,,,,,,,,,,,,,,,,,,,,,,,,,,,,,,,,,,,,,,,,,,,,,,,,,,,,,,,,,,,,,,,,,,,,,,,,,,,,,,,,,,,,,,,,,USA300HOU_RS06990,,,,,,,,,,,,,,,,,,,,,,,,,,,,,,,,,,,
112,,,,USA300HOU_RS14210,,,,,,,,,,,,,,,,,,,,,,,,,,,,,,,,,,,,,,,,,,,,,,,,,,,,,,,,,,,,,,,,,,,,,,,,,,,,,,,,,,,,,,,,,,,,,,,,,,,,,,,,,,,,,USA300HOU_RS07135,,,,,,,,,,,,,,,,,,,,,,,,,,,,,,,,,,,
113,,,,USA300HOU_RS14330,,,,,,,,,,,,,,,,,,,,,,,,,,,,,,,,,,,,,,,,,,,,,,,,,,,,,,,,,,,,,,,,,,,,,,,,,,,,,,,,,,,,,,,,,,,,,,,,,,,,,,,,,,,,,USA300HOU_RS07160,,,,,,,,,,,,,,,,,,,,,,,,,,,,,,,,,,,
114,,,,USA300HOU_RS15640,,,,,,,,,,,,,,,,,,,,,,,,,,,,,,,,,,,,,,,,,,,,,,,,,,,,,,,,,,,,,,,,,,,,,,,,,,,,,,,,,,,,,,,,,,,,,,,,,,,,,,,,,,,,,USA300HOU_RS07190,,,,,,,,,,,,,,,,,,,,,,,,,,,,,,,,,,,
115,,,,USA300HOU_RS14735,,,,,,,,,,,,,,,,,,,,,,,,,,,,,,,,,,,,,,,,,,,,,,,,,,,,,,,,,,,,,,,,,,,,,,,,,,,,,,,,,,,,,,,,,,,,,,,,,,,,,,,,,,,,,USA300HOU_RS07310,,,,,,,,,,,,,,,,,,,,,,,,,,,,,,,,,,,
116,,,,,,,,,,,,,,,,,,,,,,,,,,,,,,,,,,,,,,,,,,,,,,,,,,,,,,,,,,,,,,,,,,,,,,,,,,,,,,,,,,,,,,,,,,,,,,,,,,,,,,,,,,,,,,,,,USA300HOU_RS07365,,,,,,,,,,,,,,,,,,,,,,,,,,,,,,,,,,,
117,,,,,,,,,,,,,,,,,,,,,,,,,,,,,,,,,,,,,,,,,,,,,,,,,,,,,,,,,,,,,,,,,,,,,,,,,,,,,,,,,,,,,,,,,,,,,,,,,,,,,,,,,,,,,,,,,USA300HOU_RS07415,,,,,,,,,,,,,,,,,,,,,,,,,,,,,,,,,,,
118,,,,,,,,,,,,,,,,,,,,,,,,,,,,,,,,,,,,,,,,,,,,,,,,,,,,,,,,,,,,,,,,,,,,,,,,,,,,,,,,,,,,,,,,,,,,,,,,,,,,,,,,,,,,,,,,,USA300HOU_RS07425,,,,,,,,,,,,,,,,,,,,,,,,,,,,,,,,,,,
119,,,,,,,,,,,,,,,,,,,,,,,,,,,,,,,,,,,,,,,,,,,,,,,,,,,,,,,,,,,,,,,,,,,,,,,,,,,,,,,,,,,,,,,,,,,,,,,,,,,,,,,,,,,,,,,,,USA300HOU_RS07465,,,,,,,,,,,,,,,,,,,,,,,,,,,,,,,,,,,
120,,,,,,,,,,,,,,,,,,,,,,,,,,,,,,,,,,,,,,,,,,,,,,,,,,,,,,,,,,,,,,,,,,,,,,,,,,,,,,,,,,,,,,,,,,,,,,,,,,,,,,,,,,,,,,,,,USA300HOU_RS07540,,,,,,,,,,,,,,,,,,,,,,,,,,,,,,,,,,,
121,,,,,,,,,,,,,,,,,,,,,,,,,,,,,,,,,,,,,,,,,,,,,,,,,,,,,,,,,,,,,,,,,,,,,,,,,,,,,,,,,,,,,,,,,,,,,,,,,,,,,,,,,,,,,,,,,USA300HOU_RS07550,,,,,,,,,,,,,,,,,,,,,,,,,,,,,,,,,,,
122,,,,,,,,,,,,,,,,,,,,,,,,,,,,,,,,,,,,,,,,,,,,,,,,,,,,,,,,,,,,,,,,,,,,,,,,,,,,,,,,,,,,,,,,,,,,,,,,,,,,,,,,,,,,,,,,,USA300HOU_RS07570,,,,,,,,,,,,,,,,,,,,,,,,,,,,,,,,,,,
123,,,,,,,,,,,,,,,,,,,,,,,,,,,,,,,,,,,,,,,,,,,,,,,,,,,,,,,,,,,,,,,,,,,,,,,,,,,,,,,,,,,,,,,,,,,,,,,,,,,,,,,,,,,,,,,,,USA300HOU_RS07615,,,,,,,,,,,,,,,,,,,,,,,,,,,,,,,,,,,
124,,,,,,,,,,,,,,,,,,,,,,,,,,,,,,,,,,,,,,,,,,,,,,,,,,,,,,,,,,,,,,,,,,,,,,,,,,,,,,,,,,,,,,,,,,,,,,,,,,,,,,,,,,,,,,,,,USA300HOU_RS07630,,,,,,,,,,,,,,,,,,,,,,,,,,,,,,,,,,,
125,,,,,,,,,,,,,,,,,,,,,,,,,,,,,,,,,,,,,,,,,,,,,,,,,,,,,,,,,,,,,,,,,,,,,,,,,,,,,,,,,,,,,,,,,,,,,,,,,,,,,,,,,,,,,,,,,USA300HOU_RS07690,,,,,,,,,,,,,,,,,,,,,,,,,,,,,,,,,,,
126,,,,,,,,,,,,,,,,,,,,,,,,,,,,,,,,,,,,,,,,,,,,,,,,,,,,,,,,,,,,,,,,,,,,,,,,,,,,,,,,,,,,,,,,,,,,,,,,,,,,,,,,,,,,,,,,,USA300HOU_RS07720,,,,,,,,,,,,,,,,,,,,,,,,,,,,,,,,,,,
127,,,,,,,,,,,,,,,,,,,,,,,,,,,,,,,,,,,,,,,,,,,,,,,,,,,,,,,,,,,,,,,,,,,,,,,,,,,,,,,,,,,,,,,,,,,,,,,,,,,,,,,,,,,,,,,,,USA300HOU_RS07885,,,,,,,,,,,,,,,,,,,,,,,,,,,,,,,,,,,
128,,,,,,,,,,,,,,,,,,,,,,,,,,,,,,,,,,,,,,,,,,,,,,,,,,,,,,,,,,,,,,,,,,,,,,,,,,,,,,,,,,,,,,,,,,,,,,,,,,,,,,,,,,,,,,,,,USA300HOU_RS08010,,,,,,,,,,,,,,,,,,,,,,,,,,,,,,,,,,,
129,,,,,,,,,,,,,,,,,,,,,,,,,,,,,,,,,,,,,,,,,,,,,,,,,,,,,,,,,,,,,,,,,,,,,,,,,,,,,,,,,,,,,,,,,,,,,,,,,,,,,,,,,,,,,,,,,USA300HOU_RS08035,,,,,,,,,,,,,,,,,,,,,,,,,,,,,,,,,,,
130,,,,,,,,,,,,,,,,,,,,,,,,,,,,,,,,,,,,,,,,,,,,,,,,,,,,,,,,,,,,,,,,,,,,,,,,,,,,,,,,,,,,,,,,,,,,,,,,,,,,,,,,,,,,,,,,,USA300HOU_RS08080,,,,,,,,,,,,,,,,,,,,,,,,,,,,,,,,,,,
131,,,,,,,,,,,,,,,,,,,,,,,,,,,,,,,,,,,,,,,,,,,,,,,,,,,,,,,,,,,,,,,,,,,,,,,,,,,,,,,,,,,,,,,,,,,,,,,,,,,,,,,,,,,,,,,,,USA300HOU_RS08100,,,,,,,,,,,,,,,,,,,,,,,,,,,,,,,,,,,
132,,,,,,,,,,,,,,,,,,,,,,,,,,,,,,,,,,,,,,,,,,,,,,,,,,,,,,,,,,,,,,,,,,,,,,,,,,,,,,,,,,,,,,,,,,,,,,,,,,,,,,,,,,,,,,,,,USA300HOU_RS08150,,,,,,,,,,,,,,,,,,,,,,,,,,,,,,,,,,,
133,,,,,,,,,,,,,,,,,,,,,,,,,,,,,,,,,,,,,,,,,,,,,,,,,,,,,,,,,,,,,,,,,,,,,,,,,,,,,,,,,,,,,,,,,,,,,,,,,,,,,,,,,,,,,,,,,USA300HOU_RS08220,,,,,,,,,,,,,,,,,,,,,,,,,,,,,,,,,,,
134,,,,,,,,,,,,,,,,,,,,,,,,,,,,,,,,,,,,,,,,,,,,,,,,,,,,,,,,,,,,,,,,,,,,,,,,,,,,,,,,,,,,,,,,,,,,,,,,,,,,,,,,,,,,,,,,,USA300HOU_RS08250,,,,,,,,,,,,,,,,,,,,,,,,,,,,,,,,,,,
135,,,,,,,,,,,,,,,,,,,,,,,,,,,,,,,,,,,,,,,,,,,,,,,,,,,,,,,,,,,,,,,,,,,,,,,,,,,,,,,,,,,,,,,,,,,,,,,,,,,,,,,,,,,,,,,,,USA300HOU_RS08305,,,,,,,,,,,,,,,,,,,,,,,,,,,,,,,,,,,
136,,,,,,,,,,,,,,,,,,,,,,,,,,,,,,,,,,,,,,,,,,,,,,,,,,,,,,,,,,,,,,,,,,,,,,,,,,,,,,,,,,,,,,,,,,,,,,,,,,,,,,,,,,,,,,,,,USA300HOU_RS08370,,,,,,,,,,,,,,,,,,,,,,,,,,,,,,,,,,,
137,,,,,,,,,,,,,,,,,,,,,,,,,,,,,,,,,,,,,,,,,,,,,,,,,,,,,,,,,,,,,,,,,,,,,,,,,,,,,,,,,,,,,,,,,,,,,,,,,,,,,,,,,,,,,,,,,USA300HOU_RS08380,,,,,,,,,,,,,,,,,,,,,,,,,,,,,,,,,,,
138,,,,,,,,,,,,,,,,,,,,,,,,,,,,,,,,,,,,,,,,,,,,,,,,,,,,,,,,,,,,,,,,,,,,,,,,,,,,,,,,,,,,,,,,,,,,,,,,,,,,,,,,,,,,,,,,,USA300HOU_RS08395,,,,,,,,,,,,,,,,,,,,,,,,,,,,,,,,,,,
139,,,,,,,,,,,,,,,,,,,,,,,,,,,,,,,,,,,,,,,,,,,,,,,,,,,,,,,,,,,,,,,,,,,,,,,,,,,,,,,,,,,,,,,,,,,,,,,,,,,,,,,,,,,,,,,,,USA300HOU_RS08400,,,,,,,,,,,,,,,,,,,,,,,,,,,,,,,,,,,
140,,,,,,,,,,,,,,,,,,,,,,,,,,,,,,,,,,,,,,,,,,,,,,,,,,,,,,,,,,,,,,,,,,,,,,,,,,,,,,,,,,,,,,,,,,,,,,,,,,,,,,,,,,,,,,,,,USA300HOU_RS08410,,,,,,,,,,,,,,,,,,,,,,,,,,,,,,,,,,,
141,,,,,,,,,,,,,,,,,,,,,,,,,,,,,,,,,,,,,,,,,,,,,,,,,,,,,,,,,,,,,,,,,,,,,,,,,,,,,,,,,,,,,,,,,,,,,,,,,,,,,,,,,,,,,,,,,USA300HOU_RS08485,,,,,,,,,,,,,,,,,,,,,,,,,,,,,,,,,,,
142,,,,,,,,,,,,,,,,,,,,,,,,,,,,,,,,,,,,,,,,,,,,,,,,,,,,,,,,,,,,,,,,,,,,,,,,,,,,,,,,,,,,,,,,,,,,,,,,,,,,,,,,,,,,,,,,,USA300HOU_RS08515,,,,,,,,,,,,,,,,,,,,,,,,,,,,,,,,,,,
143,,,,,,,,,,,,,,,,,,,,,,,,,,,,,,,,,,,,,,,,,,,,,,,,,,,,,,,,,,,,,,,,,,,,,,,,,,,,,,,,,,,,,,,,,,,,,,,,,,,,,,,,,,,,,,,,,USA300HOU_RS08575,,,,,,,,,,,,,,,,,,,,,,,,,,,,,,,,,,,
144,,,,,,,,,,,,,,,,,,,,,,,,,,,,,,,,,,,,,,,,,,,,,,,,,,,,,,,,,,,,,,,,,,,,,,,,,,,,,,,,,,,,,,,,,,,,,,,,,,,,,,,,,,,,,,,,,USA300HOU_RS08580,,,,,,,,,,,,,,,,,,,,,,,,,,,,,,,,,,,
145,,,,,,,,,,,,,,,,,,,,,,,,,,,,,,,,,,,,,,,,,,,,,,,,,,,,,,,,,,,,,,,,,,,,,,,,,,,,,,,,,,,,,,,,,,,,,,,,,,,,,,,,,,,,,,,,,USA300HOU_RS08690,,,,,,,,,,,,,,,,,,,,,,,,,,,,,,,,,,,
146,,,,,,,,,,,,,,,,,,,,,,,,,,,,,,,,,,,,,,,,,,,,,,,,,,,,,,,,,,,,,,,,,,,,,,,,,,,,,,,,,,,,,,,,,,,,,,,,,,,,,,,,,,,,,,,,,USA300HOU_RS08780,,,,,,,,,,,,,,,,,,,,,,,,,,,,,,,,,,,
147,,,,,,,,,,,,,,,,,,,,,,,,,,,,,,,,,,,,,,,,,,,,,,,,,,,,,,,,,,,,,,,,,,,,,,,,,,,,,,,,,,,,,,,,,,,,,,,,,,,,,,,,,,,,,,,,,USA300HOU_RS08835,,,,,,,,,,,,,,,,,,,,,,,,,,,,,,,,,,,
148,,,,,,,,,,,,,,,,,,,,,,,,,,,,,,,,,,,,,,,,,,,,,,,,,,,,,,,,,,,,,,,,,,,,,,,,,,,,,,,,,,,,,,,,,,,,,,,,,,,,,,,,,,,,,,,,,USA300HOU_RS08855,,,,,,,,,,,,,,,,,,,,,,,,,,,,,,,,,,,
149,,,,,,,,,,,,,,,,,,,,,,,,,,,,,,,,,,,,,,,,,,,,,,,,,,,,,,,,,,,,,,,,,,,,,,,,,,,,,,,,,,,,,,,,,,,,,,,,,,,,,,,,,,,,,,,,,USA300HOU_RS08860,,,,,,,,,,,,,,,,,,,,,,,,,,,,,,,,,,,
150,,,,,,,,,,,,,,,,,,,,,,,,,,,,,,,,,,,,,,,,,,,,,,,,,,,,,,,,,,,,,,,,,,,,,,,,,,,,,,,,,,,,,,,,,,,,,,,,,,,,,,,,,,,,,,,,,USA300HOU_RS08880,,,,,,,,,,,,,,,,,,,,,,,,,,,,,,,,,,,
151,,,,,,,,,,,,,,,,,,,,,,,,,,,,,,,,,,,,,,,,,,,,,,,,,,,,,,,,,,,,,,,,,,,,,,,,,,,,,,,,,,,,,,,,,,,,,,,,,,,,,,,,,,,,,,,,,USA300HOU_RS08910,,,,,,,,,,,,,,,,,,,,,,,,,,,,,,,,,,,
152,,,,,,,,,,,,,,,,,,,,,,,,,,,,,,,,,,,,,,,,,,,,,,,,,,,,,,,,,,,,,,,,,,,,,,,,,,,,,,,,,,,,,,,,,,,,,,,,,,,,,,,,,,,,,,,,,USA300HOU_RS08985,,,,,,,,,,,,,,,,,,,,,,,,,,,,,,,,,,,
153,,,,,,,,,,,,,,,,,,,,,,,,,,,,,,,,,,,,,,,,,,,,,,,,,,,,,,,,,,,,,,,,,,,,,,,,,,,,,,,,,,,,,,,,,,,,,,,,,,,,,,,,,,,,,,,,,USA300HOU_RS09120,,,,,,,,,,,,,,,,,,,,,,,,,,,,,,,,,,,
154,,,,,,,,,,,,,,,,,,,,,,,,,,,,,,,,,,,,,,,,,,,,,,,,,,,,,,,,,,,,,,,,,,,,,,,,,,,,,,,,,,,,,,,,,,,,,,,,,,,,,,,,,,,,,,,,,USA300HOU_RS09270,,,,,,,,,,,,,,,,,,,,,,,,,,,,,,,,,,,
155,,,,,,,,,,,,,,,,,,,,,,,,,,,,,,,,,,,,,,,,,,,,,,,,,,,,,,,,,,,,,,,,,,,,,,,,,,,,,,,,,,,,,,,,,,,,,,,,,,,,,,,,,,,,,,,,,USA300HOU_RS09330,,,,,,,,,,,,,,,,,,,,,,,,,,,,,,,,,,,
156,,,,,,,,,,,,,,,,,,,,,,,,,,,,,,,,,,,,,,,,,,,,,,,,,,,,,,,,,,,,,,,,,,,,,,,,,,,,,,,,,,,,,,,,,,,,,,,,,,,,,,,,,,,,,,,,,USA300HOU_RS09370,,,,,,,,,,,,,,,,,,,,,,,,,,,,,,,,,,,
157,,,,,,,,,,,,,,,,,,,,,,,,,,,,,,,,,,,,,,,,,,,,,,,,,,,,,,,,,,,,,,,,,,,,,,,,,,,,,,,,,,,,,,,,,,,,,,,,,,,,,,,,,,,,,,,,,USA300HOU_RS09400,,,,,,,,,,,,,,,,,,,,,,,,,,,,,,,,,,,
158,,,,,,,,,,,,,,,,,,,,,,,,,,,,,,,,,,,,,,,,,,,,,,,,,,,,,,,,,,,,,,,,,,,,,,,,,,,,,,,,,,,,,,,,,,,,,,,,,,,,,,,,,,,,,,,,,USA300HOU_RS09470,,,,,,,,,,,,,,,,,,,,,,,,,,,,,,,,,,,
159,,,,,,,,,,,,,,,,,,,,,,,,,,,,,,,,,,,,,,,,,,,,,,,,,,,,,,,,,,,,,,,,,,,,,,,,,,,,,,,,,,,,,,,,,,,,,,,,,,,,,,,,,,,,,,,,,USA300HOU_RS09535,,,,,,,,,,,,,,,,,,,,,,,,,,,,,,,,,,,
160,,,,,,,,,,,,,,,,,,,,,,,,,,,,,,,,,,,,,,,,,,,,,,,,,,,,,,,,,,,,,,,,,,,,,,,,,,,,,,,,,,,,,,,,,,,,,,,,,,,,,,,,,,,,,,,,,USA300HOU_RS09580,,,,,,,,,,,,,,,,,,,,,,,,,,,,,,,,,,,
161,,,,,,,,,,,,,,,,,,,,,,,,,,,,,,,,,,,,,,,,,,,,,,,,,,,,,,,,,,,,,,,,,,,,,,,,,,,,,,,,,,,,,,,,,,,,,,,,,,,,,,,,,,,,,,,,,USA300HOU_RS15780,,,,,,,,,,,,,,,,,,,,,,,,,,,,,,,,,,,
162,,,,,,,,,,,,,,,,,,,,,,,,,,,,,,,,,,,,,,,,,,,,,,,,,,,,,,,,,,,,,,,,,,,,,,,,,,,,,,,,,,,,,,,,,,,,,,,,,,,,,,,,,,,,,,,,,USA300HOU_RS09595,,,,,,,,,,,,,,,,,,,,,,,,,,,,,,,,,,,
163,,,,,,,,,,,,,,,,,,,,,,,,,,,,,,,,,,,,,,,,,,,,,,,,,,,,,,,,,,,,,,,,,,,,,,,,,,,,,,,,,,,,,,,,,,,,,,,,,,,,,,,,,,,,,,,,,USA300HOU_RS15375,,,,,,,,,,,,,,,,,,,,,,,,,,,,,,,,,,,
164,,,,,,,,,,,,,,,,,,,,,,,,,,,,,,,,,,,,,,,,,,,,,,,,,,,,,,,,,,,,,,,,,,,,,,,,,,,,,,,,,,,,,,,,,,,,,,,,,,,,,,,,,,,,,,,,,USA300HOU_RS15785,,,,,,,,,,,,,,,,,,,,,,,,,,,,,,,,,,,
165,,,,,,,,,,,,,,,,,,,,,,,,,,,,,,,,,,,,,,,,,,,,,,,,,,,,,,,,,,,,,,,,,,,,,,,,,,,,,,,,,,,,,,,,,,,,,,,,,,,,,,,,,,,,,,,,,USA300HOU_RS09690,,,,,,,,,,,,,,,,,,,,,,,,,,,,,,,,,,,
166,,,,,,,,,,,,,,,,,,,,,,,,,,,,,,,,,,,,,,,,,,,,,,,,,,,,,,,,,,,,,,,,,,,,,,,,,,,,,,,,,,,,,,,,,,,,,,,,,,,,,,,,,,,,,,,,,USA300HOU_RS09775,,,,,,,,,,,,,,,,,,,,,,,,,,,,,,,,,,,
167,,,,,,,,,,,,,,,,,,,,,,,,,,,,,,,,,,,,,,,,,,,,,,,,,,,,,,,,,,,,,,,,,,,,,,,,,,,,,,,,,,,,,,,,,,,,,,,,,,,,,,,,,,,,,,,,,USA300HOU_RS09855,,,,,,,,,,,,,,,,,,,,,,,,,,,,,,,,,,,
168,,,,,,,,,,,,,,,,,,,,,,,,,,,,,,,,,,,,,,,,,,,,,,,,,,,,,,,,,,,,,,,,,,,,,,,,,,,,,,,,,,,,,,,,,,,,,,,,,,,,,,,,,,,,,,,,,USA300HOU_RS09915,,,,,,,,,,,,,,,,,,,,,,,,,,,,,,,,,,,
169,,,,,,,,,,,,,,,,,,,,,,,,,,,,,,,,,,,,,,,,,,,,,,,,,,,,,,,,,,,,,,,,,,,,,,,,,,,,,,,,,,,,,,,,,,,,,,,,,,,,,,,,,,,,,,,,,USA300HOU_RS10105,,,,,,,,,,,,,,,,,,,,,,,,,,,,,,,,,,,
170,,,,,,,,,,,,,,,,,,,,,,,,,,,,,,,,,,,,,,,,,,,,,,,,,,,,,,,,,,,,,,,,,,,,,,,,,,,,,,,,,,,,,,,,,,,,,,,,,,,,,,,,,,,,,,,,,USA300HOU_RS10160,,,,,,,,,,,,,,,,,,,,,,,,,,,,,,,,,,,
171,,,,,,,,,,,,,,,,,,,,,,,,,,,,,,,,,,,,,,,,,,,,,,,,,,,,,,,,,,,,,,,,,,,,,,,,,,,,,,,,,,,,,,,,,,,,,,,,,,,,,,,,,,,,,,,,,USA300HOU_RS10315,,,,,,,,,,,,,,,,,,,,,,,,,,,,,,,,,,,
172,,,,,,,,,,,,,,,,,,,,,,,,,,,,,,,,,,,,,,,,,,,,,,,,,,,,,,,,,,,,,,,,,,,,,,,,,,,,,,,,,,,,,,,,,,,,,,,,,,,,,,,,,,,,,,,,,USA300HOU_RS10350,,,,,,,,,,,,,,,,,,,,,,,,,,,,,,,,,,,
173,,,,,,,,,,,,,,,,,,,,,,,,,,,,,,,,,,,,,,,,,,,,,,,,,,,,,,,,,,,,,,,,,,,,,,,,,,,,,,,,,,,,,,,,,,,,,,,,,,,,,,,,,,,,,,,,,USA300HOU_RS10355,,,,,,,,,,,,,,,,,,,,,,,,,,,,,,,,,,,
174,,,,,,,,,,,,,,,,,,,,,,,,,,,,,,,,,,,,,,,,,,,,,,,,,,,,,,,,,,,,,,,,,,,,,,,,,,,,,,,,,,,,,,,,,,,,,,,,,,,,,,,,,,,,,,,,,USA300HOU_RS10575,,,,,,,,,,,,,,,,,,,,,,,,,,,,,,,,,,,
175,,,,,,,,,,,,,,,,,,,,,,,,,,,,,,,,,,,,,,,,,,,,,,,,,,,,,,,,,,,,,,,,,,,,,,,,,,,,,,,,,,,,,,,,,,,,,,,,,,,,,,,,,,,,,,,,,USA300HOU_RS10600,,,,,,,,,,,,,,,,,,,,,,,,,,,,,,,,,,,
176,,,,,,,,,,,,,,,,,,,,,,,,,,,,,,,,,,,,,,,,,,,,,,,,,,,,,,,,,,,,,,,,,,,,,,,,,,,,,,,,,,,,,,,,,,,,,,,,,,,,,,,,,,,,,,,,,USA300HOU_RS10835,,,,,,,,,,,,,,,,,,,,,,,,,,,,,,,,,,,
177,,,,,,,,,,,,,,,,,,,,,,,,,,,,,,,,,,,,,,,,,,,,,,,,,,,,,,,,,,,,,,,,,,,,,,,,,,,,,,,,,,,,,,,,,,,,,,,,,,,,,,,,,,,,,,,,,USA300HOU_RS10840,,,,,,,,,,,,,,,,,,,,,,,,,,,,,,,,,,,
178,,,,,,,,,,,,,,,,,,,,,,,,,,,,,,,,,,,,,,,,,,,,,,,,,,,,,,,,,,,,,,,,,,,,,,,,,,,,,,,,,,,,,,,,,,,,,,,,,,,,,,,,,,,,,,,,,USA300HOU_RS10915,,,,,,,,,,,,,,,,,,,,,,,,,,,,,,,,,,,
179,,,,,,,,,,,,,,,,,,,,,,,,,,,,,,,,,,,,,,,,,,,,,,,,,,,,,,,,,,,,,,,,,,,,,,,,,,,,,,,,,,,,,,,,,,,,,,,,,,,,,,,,,,,,,,,,,USA300HOU_RS10965,,,,,,,,,,,,,,,,,,,,,,,,,,,,,,,,,,,
180,,,,,,,,,,,,,,,,,,,,,,,,,,,,,,,,,,,,,,,,,,,,,,,,,,,,,,,,,,,,,,,,,,,,,,,,,,,,,,,,,,,,,,,,,,,,,,,,,,,,,,,,,,,,,,,,,USA300HOU_RS11040,,,,,,,,,,,,,,,,,,,,,,,,,,,,,,,,,,,
181,,,,,,,,,,,,,,,,,,,,,,,,,,,,,,,,,,,,,,,,,,,,,,,,,,,,,,,,,,,,,,,,,,,,,,,,,,,,,,,,,,,,,,,,,,,,,,,,,,,,,,,,,,,,,,,,,USA300HOU_RS11070,,,,,,,,,,,,,,,,,,,,,,,,,,,,,,,,,,,
182,,,,,,,,,,,,,,,,,,,,,,,,,,,,,,,,,,,,,,,,,,,,,,,,,,,,,,,,,,,,,,,,,,,,,,,,,,,,,,,,,,,,,,,,,,,,,,,,,,,,,,,,,,,,,,,,,USA300HOU_RS11135,,,,,,,,,,,,,,,,,,,,,,,,,,,,,,,,,,,
183,,,,,,,,,,,,,,,,,,,,,,,,,,,,,,,,,,,,,,,,,,,,,,,,,,,,,,,,,,,,,,,,,,,,,,,,,,,,,,,,,,,,,,,,,,,,,,,,,,,,,,,,,,,,,,,,,USA300HOU_RS11155,,,,,,,,,,,,,,,,,,,,,,,,,,,,,,,,,,,
184,,,,,,,,,,,,,,,,,,,,,,,,,,,,,,,,,,,,,,,,,,,,,,,,,,,,,,,,,,,,,,,,,,,,,,,,,,,,,,,,,,,,,,,,,,,,,,,,,,,,,,,,,,,,,,,,,USA300HOU_RS11160,,,,,,,,,,,,,,,,,,,,,,,,,,,,,,,,,,,
185,,,,,,,,,,,,,,,,,,,,,,,,,,,,,,,,,,,,,,,,,,,,,,,,,,,,,,,,,,,,,,,,,,,,,,,,,,,,,,,,,,,,,,,,,,,,,,,,,,,,,,,,,,,,,,,,,USA300HOU_RS11175,,,,,,,,,,,,,,,,,,,,,,,,,,,,,,,,,,,
186,,,,,,,,,,,,,,,,,,,,,,,,,,,,,,,,,,,,,,,,,,,,,,,,,,,,,,,,,,,,,,,,,,,,,,,,,,,,,,,,,,,,,,,,,,,,,,,,,,,,,,,,,,,,,,,,,USA300HOU_RS11265,,,,,,,,,,,,,,,,,,,,,,,,,,,,,,,,,,,
187,,,,,,,,,,,,,,,,,,,,,,,,,,,,,,,,,,,,,,,,,,,,,,,,,,,,,,,,,,,,,,,,,,,,,,,,,,,,,,,,,,,,,,,,,,,,,,,,,,,,,,,,,,,,,,,,,USA300HOU_RS11375,,,,,,,,,,,,,,,,,,,,,,,,,,,,,,,,,,,
188,,,,,,,,,,,,,,,,,,,,,,,,,,,,,,,,,,,,,,,,,,,,,,,,,,,,,,,,,,,,,,,,,,,,,,,,,,,,,,,,,,,,,,,,,,,,,,,,,,,,,,,,,,,,,,,,,USA300HOU_RS11410,,,,,,,,,,,,,,,,,,,,,,,,,,,,,,,,,,,
189,,,,,,,,,,,,,,,,,,,,,,,,,,,,,,,,,,,,,,,,,,,,,,,,,,,,,,,,,,,,,,,,,,,,,,,,,,,,,,,,,,,,,,,,,,,,,,,,,,,,,,,,,,,,,,,,,USA300HOU_RS11460,,,,,,,,,,,,,,,,,,,,,,,,,,,,,,,,,,,
190,,,,,,,,,,,,,,,,,,,,,,,,,,,,,,,,,,,,,,,,,,,,,,,,,,,,,,,,,,,,,,,,,,,,,,,,,,,,,,,,,,,,,,,,,,,,,,,,,,,,,,,,,,,,,,,,,USA300HOU_RS11485,,,,,,,,,,,,,,,,,,,,,,,,,,,,,,,,,,,
191,,,,,,,,,,,,,,,,,,,,,,,,,,,,,,,,,,,,,,,,,,,,,,,,,,,,,,,,,,,,,,,,,,,,,,,,,,,,,,,,,,,,,,,,,,,,,,,,,,,,,,,,,,,,,,,,,USA300HOU_RS11540,,,,,,,,,,,,,,,,,,,,,,,,,,,,,,,,,,,
192,,,,,,,,,,,,,,,,,,,,,,,,,,,,,,,,,,,,,,,,,,,,,,,,,,,,,,,,,,,,,,,,,,,,,,,,,,,,,,,,,,,,,,,,,,,,,,,,,,,,,,,,,,,,,,,,,USA300HOU_RS11545,,,,,,,,,,,,,,,,,,,,,,,,,,,,,,,,,,,
193,,,,,,,,,,,,,,,,,,,,,,,,,,,,,,,,,,,,,,,,,,,,,,,,,,,,,,,,,,,,,,,,,,,,,,,,,,,,,,,,,,,,,,,,,,,,,,,,,,,,,,,,,,,,,,,,,USA300HOU_RS11565,,,,,,,,,,,,,,,,,,,,,,,,,,,,,,,,,,,
194,,,,,,,,,,,,,,,,,,,,,,,,,,,,,,,,,,,,,,,,,,,,,,,,,,,,,,,,,,,,,,,,,,,,,,,,,,,,,,,,,,,,,,,,,,,,,,,,,,,,,,,,,,,,,,,,,USA300HOU_RS11595,,,,,,,,,,,,,,,,,,,,,,,,,,,,,,,,,,,
195,,,,,,,,,,,,,,,,,,,,,,,,,,,,,,,,,,,,,,,,,,,,,,,,,,,,,,,,,,,,,,,,,,,,,,,,,,,,,,,,,,,,,,,,,,,,,,,,,,,,,,,,,,,,,,,,,USA300HOU_RS11610,,,,,,,,,,,,,,,,,,,,,,,,,,,,,,,,,,,
196,,,,,,,,,,,,,,,,,,,,,,,,,,,,,,,,,,,,,,,,,,,,,,,,,,,,,,,,,,,,,,,,,,,,,,,,,,,,,,,,,,,,,,,,,,,,,,,,,,,,,,,,,,,,,,,,,USA300HOU_RS11660,,,,,,,,,,,,,,,,,,,,,,,,,,,,,,,,,,,
197,,,,,,,,,,,,,,,,,,,,,,,,,,,,,,,,,,,,,,,,,,,,,,,,,,,,,,,,,,,,,,,,,,,,,,,,,,,,,,,,,,,,,,,,,,,,,,,,,,,,,,,,,,,,,,,,,USA300HOU_RS11665,,,,,,,,,,,,,,,,,,,,,,,,,,,,,,,,,,,
198,,,,,,,,,,,,,,,,,,,,,,,,,,,,,,,,,,,,,,,,,,,,,,,,,,,,,,,,,,,,,,,,,,,,,,,,,,,,,,,,,,,,,,,,,,,,,,,,,,,,,,,,,,,,,,,,,USA300HOU_RS11730,,,,,,,,,,,,,,,,,,,,,,,,,,,,,,,,,,,
199,,,,,,,,,,,,,,,,,,,,,,,,,,,,,,,,,,,,,,,,,,,,,,,,,,,,,,,,,,,,,,,,,,,,,,,,,,,,,,,,,,,,,,,,,,,,,,,,,,,,,,,,,,,,,,,,,USA300HOU_RS11875,,,,,,,,,,,,,,,,,,,,,,,,,,,,,,,,,,,
200,,,,,,,,,,,,,,,,,,,,,,,,,,,,,,,,,,,,,,,,,,,,,,,,,,,,,,,,,,,,,,,,,,,,,,,,,,,,,,,,,,,,,,,,,,,,,,,,,,,,,,,,,,,,,,,,,USA300HOU_RS11900,,,,,,,,,,,,,,,,,,,,,,,,,,,,,,,,,,,
201,,,,,,,,,,,,,,,,,,,,,,,,,,,,,,,,,,,,,,,,,,,,,,,,,,,,,,,,,,,,,,,,,,,,,,,,,,,,,,,,,,,,,,,,,,,,,,,,,,,,,,,,,,,,,,,,,USA300HOU_RS11945,,,,,,,,,,,,,,,,,,,,,,,,,,,,,,,,,,,
202,,,,,,,,,,,,,,,,,,,,,,,,,,,,,,,,,,,,,,,,,,,,,,,,,,,,,,,,,,,,,,,,,,,,,,,,,,,,,,,,,,,,,,,,,,,,,,,,,,,,,,,,,,,,,,,,,USA300HOU_RS11950,,,,,,,,,,,,,,,,,,,,,,,,,,,,,,,,,,,
203,,,,,,,,,,,,,,,,,,,,,,,,,,,,,,,,,,,,,,,,,,,,,,,,,,,,,,,,,,,,,,,,,,,,,,,,,,,,,,,,,,,,,,,,,,,,,,,,,,,,,,,,,,,,,,,,,USA300HOU_RS11970,,,,,,,,,,,,,,,,,,,,,,,,,,,,,,,,,,,
204,,,,,,,,,,,,,,,,,,,,,,,,,,,,,,,,,,,,,,,,,,,,,,,,,,,,,,,,,,,,,,,,,,,,,,,,,,,,,,,,,,,,,,,,,,,,,,,,,,,,,,,,,,,,,,,,,USA300HOU_RS11990,,,,,,,,,,,,,,,,,,,,,,,,,,,,,,,,,,,
205,,,,,,,,,,,,,,,,,,,,,,,,,,,,,,,,,,,,,,,,,,,,,,,,,,,,,,,,,,,,,,,,,,,,,,,,,,,,,,,,,,,,,,,,,,,,,,,,,,,,,,,,,,,,,,,,,USA300HOU_RS12000,,,,,,,,,,,,,,,,,,,,,,,,,,,,,,,,,,,
206,,,,,,,,,,,,,,,,,,,,,,,,,,,,,,,,,,,,,,,,,,,,,,,,,,,,,,,,,,,,,,,,,,,,,,,,,,,,,,,,,,,,,,,,,,,,,,,,,,,,,,,,,,,,,,,,,USA300HOU_RS12050,,,,,,,,,,,,,,,,,,,,,,,,,,,,,,,,,,,
207,,,,,,,,,,,,,,,,,,,,,,,,,,,,,,,,,,,,,,,,,,,,,,,,,,,,,,,,,,,,,,,,,,,,,,,,,,,,,,,,,,,,,,,,,,,,,,,,,,,,,,,,,,,,,,,,,USA300HOU_RS12290,,,,,,,,,,,,,,,,,,,,,,,,,,,,,,,,,,,
208,,,,,,,,,,,,,,,,,,,,,,,,,,,,,,,,,,,,,,,,,,,,,,,,,,,,,,,,,,,,,,,,,,,,,,,,,,,,,,,,,,,,,,,,,,,,,,,,,,,,,,,,,,,,,,,,,USA300HOU_RS12295,,,,,,,,,,,,,,,,,,,,,,,,,,,,,,,,,,,
209,,,,,,,,,,,,,,,,,,,,,,,,,,,,,,,,,,,,,,,,,,,,,,,,,,,,,,,,,,,,,,,,,,,,,,,,,,,,,,,,,,,,,,,,,,,,,,,,,,,,,,,,,,,,,,,,,USA300HOU_RS12305,,,,,,,,,,,,,,,,,,,,,,,,,,,,,,,,,,,
210,,,,,,,,,,,,,,,,,,,,,,,,,,,,,,,,,,,,,,,,,,,,,,,,,,,,,,,,,,,,,,,,,,,,,,,,,,,,,,,,,,,,,,,,,,,,,,,,,,,,,,,,,,,,,,,,,USA300HOU_RS12310,,,,,,,,,,,,,,,,,,,,,,,,,,,,,,,,,,,
211,,,,,,,,,,,,,,,,,,,,,,,,,,,,,,,,,,,,,,,,,,,,,,,,,,,,,,,,,,,,,,,,,,,,,,,,,,,,,,,,,,,,,,,,,,,,,,,,,,,,,,,,,,,,,,,,,USA300HOU_RS12325,,,,,,,,,,,,,,,,,,,,,,,,,,,,,,,,,,,
212,,,,,,,,,,,,,,,,,,,,,,,,,,,,,,,,,,,,,,,,,,,,,,,,,,,,,,,,,,,,,,,,,,,,,,,,,,,,,,,,,,,,,,,,,,,,,,,,,,,,,,,,,,,,,,,,,USA300HOU_RS12380,,,,,,,,,,,,,,,,,,,,,,,,,,,,,,,,,,,
213,,,,,,,,,,,,,,,,,,,,,,,,,,,,,,,,,,,,,,,,,,,,,,,,,,,,,,,,,,,,,,,,,,,,,,,,,,,,,,,,,,,,,,,,,,,,,,,,,,,,,,,,,,,,,,,,,USA300HOU_RS12490,,,,,,,,,,,,,,,,,,,,,,,,,,,,,,,,,,,
214,,,,,,,,,,,,,,,,,,,,,,,,,,,,,,,,,,,,,,,,,,,,,,,,,,,,,,,,,,,,,,,,,,,,,,,,,,,,,,,,,,,,,,,,,,,,,,,,,,,,,,,,,,,,,,,,,USA300HOU_RS12820,,,,,,,,,,,,,,,,,,,,,,,,,,,,,,,,,,,
215,,,,,,,,,,,,,,,,,,,,,,,,,,,,,,,,,,,,,,,,,,,,,,,,,,,,,,,,,,,,,,,,,,,,,,,,,,,,,,,,,,,,,,,,,,,,,,,,,,,,,,,,,,,,,,,,,USA300HOU_RS12900,,,,,,,,,,,,,,,,,,,,,,,,,,,,,,,,,,,
216,,,,,,,,,,,,,,,,,,,,,,,,,,,,,,,,,,,,,,,,,,,,,,,,,,,,,,,,,,,,,,,,,,,,,,,,,,,,,,,,,,,,,,,,,,,,,,,,,,,,,,,,,,,,,,,,,USA300HOU_RS12945,,,,,,,,,,,,,,,,,,,,,,,,,,,,,,,,,,,
217,,,,,,,,,,,,,,,,,,,,,,,,,,,,,,,,,,,,,,,,,,,,,,,,,,,,,,,,,,,,,,,,,,,,,,,,,,,,,,,,,,,,,,,,,,,,,,,,,,,,,,,,,,,,,,,,,USA300HOU_RS12970,,,,,,,,,,,,,,,,,,,,,,,,,,,,,,,,,,,
218,,,,,,,,,,,,,,,,,,,,,,,,,,,,,,,,,,,,,,,,,,,,,,,,,,,,,,,,,,,,,,,,,,,,,,,,,,,,,,,,,,,,,,,,,,,,,,,,,,,,,,,,,,,,,,,,,USA300HOU_RS13000,,,,,,,,,,,,,,,,,,,,,,,,,,,,,,,,,,,
219,,,,,,,,,,,,,,,,,,,,,,,,,,,,,,,,,,,,,,,,,,,,,,,,,,,,,,,,,,,,,,,,,,,,,,,,,,,,,,,,,,,,,,,,,,,,,,,,,,,,,,,,,,,,,,,,,USA300HOU_RS13020,,,,,,,,,,,,,,,,,,,,,,,,,,,,,,,,,,,
220,,,,,,,,,,,,,,,,,,,,,,,,,,,,,,,,,,,,,,,,,,,,,,,,,,,,,,,,,,,,,,,,,,,,,,,,,,,,,,,,,,,,,,,,,,,,,,,,,,,,,,,,,,,,,,,,,USA300HOU_RS13030,,,,,,,,,,,,,,,,,,,,,,,,,,,,,,,,,,,
221,,,,,,,,,,,,,,,,,,,,,,,,,,,,,,,,,,,,,,,,,,,,,,,,,,,,,,,,,,,,,,,,,,,,,,,,,,,,,,,,,,,,,,,,,,,,,,,,,,,,,,,,,,,,,,,,,USA300HOU_RS13045,,,,,,,,,,,,,,,,,,,,,,,,,,,,,,,,,,,
222,,,,,,,,,,,,,,,,,,,,,,,,,,,,,,,,,,,,,,,,,,,,,,,,,,,,,,,,,,,,,,,,,,,,,,,,,,,,,,,,,,,,,,,,,,,,,,,,,,,,,,,,,,,,,,,,,USA300HOU_RS13070,,,,,,,,,,,,,,,,,,,,,,,,,,,,,,,,,,,
223,,,,,,,,,,,,,,,,,,,,,,,,,,,,,,,,,,,,,,,,,,,,,,,,,,,,,,,,,,,,,,,,,,,,,,,,,,,,,,,,,,,,,,,,,,,,,,,,,,,,,,,,,,,,,,,,,USA300HOU_RS13165,,,,,,,,,,,,,,,,,,,,,,,,,,,,,,,,,,,
224,,,,,,,,,,,,,,,,,,,,,,,,,,,,,,,,,,,,,,,,,,,,,,,,,,,,,,,,,,,,,,,,,,,,,,,,,,,,,,,,,,,,,,,,,,,,,,,,,,,,,,,,,,,,,,,,,USA300HOU_RS13305,,,,,,,,,,,,,,,,,,,,,,,,,,,,,,,,,,,
225,,,,,,,,,,,,,,,,,,,,,,,,,,,,,,,,,,,,,,,,,,,,,,,,,,,,,,,,,,,,,,,,,,,,,,,,,,,,,,,,,,,,,,,,,,,,,,,,,,,,,,,,,,,,,,,,,USA300HOU_RS13320,,,,,,,,,,,,,,,,,,,,,,,,,,,,,,,,,,,
226,,,,,,,,,,,,,,,,,,,,,,,,,,,,,,,,,,,,,,,,,,,,,,,,,,,,,,,,,,,,,,,,,,,,,,,,,,,,,,,,,,,,,,,,,,,,,,,,,,,,,,,,,,,,,,,,,USA300HOU_RS13325,,,,,,,,,,,,,,,,,,,,,,,,,,,,,,,,,,,
227,,,,,,,,,,,,,,,,,,,,,,,,,,,,,,,,,,,,,,,,,,,,,,,,,,,,,,,,,,,,,,,,,,,,,,,,,,,,,,,,,,,,,,,,,,,,,,,,,,,,,,,,,,,,,,,,,USA300HOU_RS13330,,,,,,,,,,,,,,,,,,,,,,,,,,,,,,,,,,,
228,,,,,,,,,,,,,,,,,,,,,,,,,,,,,,,,,,,,,,,,,,,,,,,,,,,,,,,,,,,,,,,,,,,,,,,,,,,,,,,,,,,,,,,,,,,,,,,,,,,,,,,,,,,,,,,,,USA300HOU_RS13360,,,,,,,,,,,,,,,,,,,,,,,,,,,,,,,,,,,
229,,,,,,,,,,,,,,,,,,,,,,,,,,,,,,,,,,,,,,,,,,,,,,,,,,,,,,,,,,,,,,,,,,,,,,,,,,,,,,,,,,,,,,,,,,,,,,,,,,,,,,,,,,,,,,,,,USA300HOU_RS13380,,,,,,,,,,,,,,,,,,,,,,,,,,,,,,,,,,,
230,,,,,,,,,,,,,,,,,,,,,,,,,,,,,,,,,,,,,,,,,,,,,,,,,,,,,,,,,,,,,,,,,,,,,,,,,,,,,,,,,,,,,,,,,,,,,,,,,,,,,,,,,,,,,,,,,USA300HOU_RS13460,,,,,,,,,,,,,,,,,,,,,,,,,,,,,,,,,,,
231,,,,,,,,,,,,,,,,,,,,,,,,,,,,,,,,,,,,,,,,,,,,,,,,,,,,,,,,,,,,,,,,,,,,,,,,,,,,,,,,,,,,,,,,,,,,,,,,,,,,,,,,,,,,,,,,,USA300HOU_RS13590,,,,,,,,,,,,,,,,,,,,,,,,,,,,,,,,,,,
232,,,,,,,,,,,,,,,,,,,,,,,,,,,,,,,,,,,,,,,,,,,,,,,,,,,,,,,,,,,,,,,,,,,,,,,,,,,,,,,,,,,,,,,,,,,,,,,,,,,,,,,,,,,,,,,,,USA300HOU_RS13670,,,,,,,,,,,,,,,,,,,,,,,,,,,,,,,,,,,
233,,,,,,,,,,,,,,,,,,,,,,,,,,,,,,,,,,,,,,,,,,,,,,,,,,,,,,,,,,,,,,,,,,,,,,,,,,,,,,,,,,,,,,,,,,,,,,,,,,,,,,,,,,,,,,,,,USA300HOU_RS13690,,,,,,,,,,,,,,,,,,,,,,,,,,,,,,,,,,,
234,,,,,,,,,,,,,,,,,,,,,,,,,,,,,,,,,,,,,,,,,,,,,,,,,,,,,,,,,,,,,,,,,,,,,,,,,,,,,,,,,,,,,,,,,,,,,,,,,,,,,,,,,,,,,,,,,USA300HOU_RS13705,,,,,,,,,,,,,,,,,,,,,,,,,,,,,,,,,,,
235,,,,,,,,,,,,,,,,,,,,,,,,,,,,,,,,,,,,,,,,,,,,,,,,,,,,,,,,,,,,,,,,,,,,,,,,,,,,,,,,,,,,,,,,,,,,,,,,,,,,,,,,,,,,,,,,,USA300HOU_RS13740,,,,,,,,,,,,,,,,,,,,,,,,,,,,,,,,,,,
236,,,,,,,,,,,,,,,,,,,,,,,,,,,,,,,,,,,,,,,,,,,,,,,,,,,,,,,,,,,,,,,,,,,,,,,,,,,,,,,,,,,,,,,,,,,,,,,,,,,,,,,,,,,,,,,,,USA300HOU_RS13765,,,,,,,,,,,,,,,,,,,,,,,,,,,,,,,,,,,
237,,,,,,,,,,,,,,,,,,,,,,,,,,,,,,,,,,,,,,,,,,,,,,,,,,,,,,,,,,,,,,,,,,,,,,,,,,,,,,,,,,,,,,,,,,,,,,,,,,,,,,,,,,,,,,,,,USA300HOU_RS13935,,,,,,,,,,,,,,,,,,,,,,,,,,,,,,,,,,,
238,,,,,,,,,,,,,,,,,,,,,,,,,,,,,,,,,,,,,,,,,,,,,,,,,,,,,,,,,,,,,,,,,,,,,,,,,,,,,,,,,,,,,,,,,,,,,,,,,,,,,,,,,,,,,,,,,USA300HOU_RS13975,,,,,,,,,,,,,,,,,,,,,,,,,,,,,,,,,,,
239,,,,,,,,,,,,,,,,,,,,,,,,,,,,,,,,,,,,,,,,,,,,,,,,,,,,,,,,,,,,,,,,,,,,,,,,,,,,,,,,,,,,,,,,,,,,,,,,,,,,,,,,,,,,,,,,,USA300HOU_RS14100,,,,,,,,,,,,,,,,,,,,,,,,,,,,,,,,,,,
240,,,,,,,,,,,,,,,,,,,,,,,,,,,,,,,,,,,,,,,,,,,,,,,,,,,,,,,,,,,,,,,,,,,,,,,,,,,,,,,,,,,,,,,,,,,,,,,,,,,,,,,,,,,,,,,,,USA300HOU_RS14120,,,,,,,,,,,,,,,,,,,,,,,,,,,,,,,,,,,
241,,,,,,,,,,,,,,,,,,,,,,,,,,,,,,,,,,,,,,,,,,,,,,,,,,,,,,,,,,,,,,,,,,,,,,,,,,,,,,,,,,,,,,,,,,,,,,,,,,,,,,,,,,,,,,,,,USA300HOU_RS14190,,,,,,,,,,,,,,,,,,,,,,,,,,,,,,,,,,,
242,,,,,,,,,,,,,,,,,,,,,,,,,,,,,,,,,,,,,,,,,,,,,,,,,,,,,,,,,,,,,,,,,,,,,,,,,,,,,,,,,,,,,,,,,,,,,,,,,,,,,,,,,,,,,,,,,USA300HOU_RS14340,,,,,,,,,,,,,,,,,,,,,,,,,,,,,,,,,,,
243,,,,,,,,,,,,,,,,,,,,,,,,,,,,,,,,,,,,,,,,,,,,,,,,,,,,,,,,,,,,,,,,,,,,,,,,,,,,,,,,,,,,,,,,,,,,,,,,,,,,,,,,,,,,,,,,,USA300HOU_RS14450,,,,,,,,,,,,,,,,,,,,,,,,,,,,,,,,,,,
244,,,,,,,,,,,,,,,,,,,,,,,,,,,,,,,,,,,,,,,,,,,,,,,,,,,,,,,,,,,,,,,,,,,,,,,,,,,,,,,,,,,,,,,,,,,,,,,,,,,,,,,,,,,,,,,,,USA300HOU_RS14455,,,,,,,,,,,,,,,,,,,,,,,,,,,,,,,,,,,
245,,,,,,,,,,,,,,,,,,,,,,,,,,,,,,,,,,,,,,,,,,,,,,,,,,,,,,,,,,,,,,,,,,,,,,,,,,,,,,,,,,,,,,,,,,,,,,,,,,,,,,,,,,,,,,,,,USA300HOU_RS14515,,,,,,,,,,,,,,,,,,,,,,,,,,,,,,,,,,,
246,,,,,,,,,,,,,,,,,,,,,,,,,,,,,,,,,,,,,,,,,,,,,,,,,,,,,,,,,,,,,,,,,,,,,,,,,,,,,,,,,,,,,,,,,,,,,,,,,,,,,,,,,,,,,,,,,USA300HOU_RS14595,,,,,,,,,,,,,,,,,,,,,,,,,,,,,,,,,,,
247,,,,,,,,,,,,,,,,,,,,,,,,,,,,,,,,,,,,,,,,,,,,,,,,,,,,,,,,,,,,,,,,,,,,,,,,,,,,,,,,,,,,,,,,,,,,,,,,,,,,,,,,,,,,,,,,,USA300HOU_RS14610,,,,,,,,,,,,,,,,,,,,,,,,,,,,,,,,,,,
248,,,,,,,,,,,,,,,,,,,,,,,,,,,,,,,,,,,,,,,,,,,,,,,,,,,,,,,,,,,,,,,,,,,,,,,,,,,,,,,,,,,,,,,,,,,,,,,,,,,,,,,,,,,,,,,,,USA300HOU_RS14615,,,,,,,,,,,,,,,,,,,,,,,,,,,,,,,,,,,
249,,,,,,,,,,,,,,,,,,,,,,,,,,,,,,,,,,,,,,,,,,,,,,,,,,,,,,,,,,,,,,,,,,,,,,,,,,,,,,,,,,,,,,,,,,,,,,,,,,,,,,,,,,,,,,,,,USA300HOU_RS14660,,,,,,,,,,,,,,,,,,,,,,,,,,,,,,,,,,,
250,,,,,,,,,,,,,,,,,,,,,,,,,,,,,,,,,,,,,,,,,,,,,,,,,,,,,,,,,,,,,,,,,,,,,,,,,,,,,,,,,,,,,,,,,,,,,,,,,,,,,,,,,,,,,,,,,USA300HOU_RS14695,,,,,,,,,,,,,,,,,,,,,,,,,,,,,,,,,,,
251,,,,,,,,,,,,,,,,,,,,,,,,,,,,,,,,,,,,,,,,,,,,,,,,,,,,,,,,,,,,,,,,,,,,,,,,,,,,,,,,,,,,,,,,,,,,,,,,,,,,,,,,,,,,,,,,,USA300HOU_RS14700,,,,,,,,,,,,,,,,,,,,,,,,,,,,,,,,,,,
